Entrez,TRAb_R1,TRAb_R2,TRAb_R3,WTAb_R1,WTAb_R2,WTAb_R3
10768,3.04324247931243,3.00968910809603,3.03091127316988,3.8901009842935,3.86139830139172,3.89676803733446
23382,3.04324247931243,3.00968910809603,3.03091127316988,3.8901009842935,3.86139830139172,3.89676803733446
11041,3.341393045858,3.25658637469445,3.30670563111281,3.60847658400004,3.65134711993355,3.61379760364326
483,3.27678683437657,3.32509022748171,3.34328746008112,3.59516260560961,3.56161721110555,3.60901025513711
25796,3.64985676027119,3.36036640060435,3.70819339616659,3.31623242840879,3.25467223256157,3.24020388840029
23062,3.30437124400216,3.30601097165549,3.27269947447202,3.54610131755011,3.54532387627324,3.46884635744496
11231,3.29287069352534,3.19319863999722,3.39115642896466,3.54716245055014,3.59778687917208,3.59721699925824
203,3.54198368712261,3.32093867230849,3.71649704854379,3.23290998227182,3.1890268480804,3.17758936669224
10558,3.31101206395888,3.37034955455002,3.39706569133341,3.22278555125286,3.21366450527137,3.16290080771521
8803,3.16514311742961,3.39940370783238,3.311139328496,3.49638395847254,3.46919743656476,3.49415043764046
1211,3.66525637637773,3.64229638846704,3.66113018830318,3.79393085669018,3.77267267655756,3.76686965884332
3145,3.64992238190159,3.22766248632162,3.69877393995468,3.21860734806883,3.40033682640258,3.22248161522377
4357,3.59798145807305,3.55743318719362,3.49679802796184,3.37236262741651,3.3919414939684,3.37292713423946
9653,3.57412052409439,3.15816566792872,3.29400949435639,3.55556625928429,3.62203964083552,3.56551665157544
229,3.26548599653377,3.44668859576196,3.50067576500177,3.11805480644046,3.22060613145464,3.2640617240363
10380,3.64009652176255,3.40259984605269,3.66844199771195,3.42907415063975,3.44865261616107,3.19030014979475
5692,3.20661196054034,3.44310486375956,3.20588471045056,3.45553825507777,3.49361278543418,3.47416873074424
28972,3.21760624781256,3.49110803372101,3.36537775696871,3.56198798312345,3.56657292526866,3.58133842410233
10682,3.48310105141071,3.0449313140514,3.51493564840121,3.54305041689341,3.59177707584349,3.59523130386941
3251,3.74682468336879,3.22437420402677,3.68112985124074,3.47284745458981,3.12976266259051,3.23324488735342
6500,3.31920956620964,3.19835401502903,3.29541117402984,3.43387286140564,3.44588481412368,3.4205676151749
3099,3.4107622241953,3.52496301878206,3.35507289194739,3.70758324331105,3.46267261046477,3.62389943483387
4124,3.34590189391585,3.37819604056398,3.4101795317541,3.52020026411987,3.57399779869353,3.56105326491017
5238,3.66870007406563,3.53297433133022,3.57431009462052,3.62451638429695,3.1631250773324,3.20686134688516
283871,3.50301574703171,3.28208498028409,3.52637353905898,3.23516038985997,3.15985649353959,3.37127231219308
164,3.34900655136905,3.42519242999848,3.31937231244258,3.57194716943473,3.56015344486942,3.56213751600379
7167,3.64369645520186,3.59009745483934,3.70516163579566,3.51307188717482,3.50523947130276,3.53140497460083
2683,3.33044889543283,3.25602656129231,3.48684393781309,3.5844434133269,3.58310322860521,3.54393058822503
5693,3.2574794226296,3.54591722389891,3.2996311811688,3.49215389687146,3.53625696933003,3.6088891299407
52,3.57161887089566,3.51070718721393,3.67137640892726,3.16960575442918,3.54518906878878,3.30862266667151
11253,3.31620415283408,3.40042681700665,3.35675021116974,3.4864820267346,3.5049950690496,3.49943513663557
5050,3.54548221901501,3.19010055947524,3.51556506282782,3.29843582328073,3.20464333133902,3.17570984014508
56994,3.35876666228655,3.29060706529433,3.347399914971,3.48241917119631,3.45657722716875,3.46596644928018
644,3.44072319394172,3.37051652536869,3.38805013556228,3.16832428414828,3.34545913026414,3.21973810244701
9527,3.35594083445101,3.35972665150785,3.37959803636112,3.48950630975146,3.47825271089318,3.4898284219261
60559,3.37846280402557,3.45664846805019,3.35870694041282,3.48852925031935,3.55156995164161,3.55696474198656
4719,3.38644755911644,3.44920833705634,3.38367722674601,3.55047834109267,3.49949081208821,3.52262948863937
7384,3.20065564409234,3.48257898970064,3.45502648321444,3.55864277007464,3.51980571685075,3.56853573372322
5631,3.39488976435461,3.38995042814986,3.35743122919719,3.54606194259048,3.47763142321524,3.49814445728977
5634,3.39488976435461,3.38995042814986,3.35743122919719,3.54606194259048,3.47763142321524,3.49814445728977
1373,3.20108474969024,3.73840084766594,3.75231041721274,3.4639044508152,3.23782209504617,3.37207901618527
5710,3.57700745780443,3.20952056600088,3.56531992408036,3.22922872624438,3.28523997667886,3.29694637070875
57026,3.60138890624345,3.33124632883672,3.51004615582128,3.40628676917277,3.35943691919165,3.20635778867384
4257,3.28418217213799,3.59647902041154,3.24922444755347,3.52271896299754,3.55016986224169,3.57968784538422
3309,3.77970276365182,3.74723702112208,3.81836176416607,3.6707505845316,3.66634783315428,3.69326559871144
162,3.42984143988896,3.40869414434884,3.3975712857596,3.55006388641857,3.5146159013223,3.49169121986055
1329,3.26282619816334,3.19791775152679,3.27460210149471,3.26582526659904,3.47803078708279,3.43403435209152
5049,3.41628918681032,3.41868146447523,3.31766630278628,3.30006905377889,3.28763672231534,3.16700638238759
7317,3.62759783207138,3.50496078803266,3.58486829331444,3.490789725564,3.49024202949487,3.38934821394286
5162,3.31441424474265,3.47677992700685,3.33757561632061,3.47977268993568,3.5057052384613,3.54536346242879
4723,3.44197966450352,3.50184144876952,3.2268558475207,3.50650076629601,3.56083597007621,3.54882708190269
55902,3.6018797169597,3.49648054722902,3.53429920853765,3.16054122774513,3.48250671534331,3.50694442104155
5711,3.38362026692123,3.33710855933414,3.3062702935065,3.49543111113374,3.41059303629258,3.46995561758837
353,3.61376053669517,3.20903080733662,3.54761874275089,3.38469387670086,3.23088691159327,3.26317175739665
27430,3.46717834054767,3.29261067576237,3.44567427929238,3.17360929702285,3.40328934893327,3.21104003490961
291,3.26487477151011,3.26187295107616,3.25188008251941,3.35329959603424,3.3665469870617,3.39928397815039
8729,3.45282663800255,3.4261941667621,3.42322985727698,3.54718787540145,3.53395222276715,3.50153184321201
2023,3.95168833372153,3.84635941458871,4.02575647463989,3.84785111383916,3.84611325670916,3.81612530005039
10952,3.68612856035649,3.65660049903464,3.29650511129748,3.2460762696395,3.25272308053164,3.63287700361833
6307,3.30298311220808,3.18537716227974,3.27687907746926,3.45802680852427,3.47461500332942,3.23803490015168
32,3.36624083922231,3.48922454192132,3.38264995330159,3.49414843394283,3.55062641391631,3.50880838996164
166012,3.46387438229144,3.35287879231573,3.41888603766184,3.51918711674111,3.49263420802461,3.54448890412185
2590,3.54119089747636,3.57527428064185,3.56579337463864,3.63741797629893,3.65771930809416,3.6400446446244
9789,3.30792844657435,3.55690489353817,3.33721179363343,3.5229734149735,3.53981566658349,3.52342834689633
1315,3.56919039801428,3.59709054691044,3.56254959445574,3.67187424485039,3.65858191742998,3.64193485553309
2752,3.28154929805907,3.50765065940734,3.43014426729606,3.51231681709035,3.48153241907625,3.576098572217
11332,3.48836717888415,3.38226909008946,3.30355918483125,3.30499020663616,3.2339609271205,3.28422995128997
2530,3.203654640879,3.42458364973991,3.3418995697316,3.42261681671404,3.4591143489835,3.44854550472964
1152,3.73781604693786,3.68811212512389,3.75412371760641,3.6415278290871,3.64035149126188,3.63594958462761
6480,3.45817193211703,3.38328516467267,3.41809597906717,3.51690252568494,3.4818028845701,3.53448551916397
6240,3.3290624467534,3.46069237156011,3.26319488121007,3.46803440449025,3.41949512684119,3.50640678776601
55577,3.70729315169108,3.43395507656252,3.434984003966,3.41370761315559,3.4004610730008,3.39672112352971
55666,3.25751918756727,3.54678418102743,3.40545489103346,3.53625360493784,3.51908189976328,3.52291006832286
5230,3.71584611985034,3.60539001133541,3.73835544026097,3.59908424070141,3.60369598318871,3.58911180771541
10402,3.33201668073921,3.27271340934585,3.29916684666824,3.295848549366,3.46338271168249,3.47337604884247
64087,3.22542628517612,3.48060174602562,3.47825751716136,3.51771565044013,3.53995724379029,3.48530026390049
6713,3.26258861262208,3.55958699217126,3.42615275814231,3.14632636259694,3.50103876242916,3.20044882898155
6611,3.29902439586003,3.47624816517773,3.46219237940807,3.51027143415196,3.49776511568177,3.54521616356461
9415,3.45970301861933,3.44816433596615,3.37644060262604,3.53164452860874,3.46984738495441,3.52821545830032
4249,3.62295628224752,3.20832883168486,3.69720390342178,3.57695377927628,3.28146947832151,3.24230424802513
521,3.33012028268254,3.1463596357501,3.3631644969672,3.36680446984369,3.32482929400095,3.47811918090244
26985,3.2817759346403,3.40823841916444,3.37380763078761,3.44427476070759,3.49479675124521,3.41109839019871
204,3.31585684226537,3.4624568845349,3.28547388315274,3.43425043746625,3.45438904755615,3.48597526314191
8907,3.4395399188581,3.45342318993528,3.37058028469881,3.50232730846931,3.50971279615081,3.5172540143572
8402,3.30961604902896,3.4015072220881,3.34943364658468,3.42752020548411,3.4149222622559,3.47925333719095
55361,3.36593281970283,3.55049362070075,3.40980122583162,3.44638829743235,3.41223345108123,3.10640118105935
80347,3.51190280615254,3.54574210915711,3.14542435983435,3.54396865414507,3.50170868612855,3.53356010234061
7086,3.52798346028691,3.50233127836954,3.61505239053171,3.47989213940037,3.45109019509576,3.47243249964014
28976,3.37982784161145,3.47964358934947,3.41358111655052,3.49349352399198,3.49315685129771,3.53308016619769
7355,3.3637155048444,3.22480222976468,3.43457275596408,3.50757879495826,3.50427648294936,3.31783806386647
5717,3.43946744030195,3.42164815868152,3.43073147100616,3.49852867285404,3.51118637665575,3.49208384881374
5464,3.55193448299757,3.38221233980444,3.60127183282113,3.43447257706888,3.46344556189819,3.35650121340771
2731,3.43653447155289,3.26155065086359,3.40902835875353,3.43793089096657,3.5040180833629,3.44845091061211
873,3.68791528765044,3.28030639512421,3.59382387549572,3.52609220930411,3.47272024520835,3.21704181693058
22978,3.30111355616828,3.34814118676209,3.21237635287577,3.44361514910977,3.46674962549668,3.2414323093152
8675,3.33732522095449,3.1943964183502,3.42264787905755,3.47397046705914,3.44097983336198,3.32399662880463
1327,3.4180422111506,3.46593658067193,3.40713968185636,3.49329632258062,3.47900861453368,3.52991583635269
26275,3.45722841556588,3.19393282498099,3.27692476267396,3.48975232625209,3.43964512277334,3.30370394932368
1666,3.30861680338329,3.52167831131147,3.42558850863599,3.49060080539417,3.52622877761733,3.51808005134269
3422,3.47902179486483,3.5667120473511,3.46620179022416,3.41451344158654,3.46183801885403,3.40444701631515
8802,3.34113353053592,3.42212636194316,3.45346302439774,3.44061308063576,3.49362945144902,3.52110171122856
6319,3.53316031853433,3.48429381276585,3.47777804561169,3.43382202769531,3.42305906529141,3.44145438491335
27068,3.25485753365174,3.45400963043288,3.41455422894379,3.52270565236232,3.53256470184678,3.33725450587668
10134,3.48729469893697,3.54869432006207,3.52901308743933,3.07160691237908,3.55495017778937,3.584362912348
10476,3.42338031345105,3.45394883709628,3.42152490360114,3.52081257398766,3.50200408628894,3.47191689964682
1808,3.50610636070841,3.4772540942214,3.4992254876273,3.42513761977388,3.45448118681928,3.43162846573913
230,3.5277171090529,3.4757346800614,3.49511709497695,3.47250712109439,3.41104911983534,3.41120923140119
7360,3.35996137897223,3.43713096805371,3.30383378011155,3.4787466762221,3.40337610580549,3.45846424431142
51071,3.4410019384879,3.30117244266588,3.34655319350539,3.44950396523087,3.37175710823053,3.49400045822771
9551,3.15566459963407,3.55419870275355,3.52682696292332,3.52783569283218,3.5154967284312,3.50303690994259
9276,3.54456857522911,3.56902447600614,3.54518583461767,3.60439379594045,3.6164386121835,3.6098861699532
5825,3.36025822970486,3.48596635902149,3.43752954063142,3.50893466949145,3.50966828001799,3.49039155929648
231,3.61319773394531,3.38730458080511,3.51613253314455,3.482942151658,3.43348776286375,3.35698017662396
10484,3.40867881131245,3.49346862652334,3.43110285338836,3.51857261273736,3.52595090862654,3.47943754939446
2271,3.3662612829616,3.46821398578241,3.45736189752743,3.4938031323944,3.49881124129884,3.50860043681136
6723,3.49366486613654,3.21976802947155,3.4585271821883,3.34692219013499,3.35859501666815,3.20905087508669
1213,3.95594214435213,3.98678991083561,3.96268753601646,4.02409851927926,4.02278338249874,4.01107376023747
9550,3.52476934155023,3.40118299415789,3.57744884733145,3.39130911284364,3.44412356840488,3.4529452526765
534,3.52476934155023,3.40118299415789,3.57744884733145,3.39130911284364,3.44412356840488,3.4529452526765
205,3.45005066745585,3.43970586330974,3.42654454822279,3.47328465003673,3.50199491638691,3.50231771875817
5707,3.26835380850929,3.45287561307082,3.44726748208142,3.48321564044114,3.46680282350022,3.45380027636029
6510,3.20034102816825,3.35017933436459,3.32464699850103,3.32722243318607,3.38346182469213,3.38716217805884
509,3.43121311125754,3.47432880992549,3.40103396671699,3.4695181162538,3.4961362185529,3.52123882657145
2739,3.57181985132485,3.38642607000673,3.54472638519894,3.44700793955666,3.41321534279072,3.42838443135299
11343,3.27629339412716,3.34815748682911,3.28394841147854,3.38211827437886,3.37565212740128,3.35875489066209
3945,3.67133956442212,3.22761531830888,3.6374664634259,3.56211712279774,3.4244223208112,3.25303873234518
10728,3.53914948503636,3.49046073454534,3.49433410083121,3.51898876035581,3.51021180106088,3.23485319280152
9919,3.74914729954624,3.70980212337737,3.64500238720344,3.74046979703539,3.78198458157594,3.76172258399476
5718,3.46040767739076,3.51172229030095,3.51903433692195,3.39941736433146,3.43049682270681,3.47227084094883
3420,3.40054215390169,3.46173874289297,3.44749153961607,3.46421096545805,3.51307441050946,3.50650785779731
3081,3.43161196011498,3.45908746106613,3.42273687067191,3.50866908790973,3.47801199428938,3.49371471706887
10007,3.24780797088198,3.27837973795576,3.16294086938588,3.15051316985579,3.39180386248029,3.3873913637412
523,3.46055672987886,3.45890878598162,3.39264059314973,3.49846078198379,3.46280161539248,3.52010303248122
5719,3.56624305024772,3.42332889805509,3.29188599973303,3.50196453352999,3.47219136817086,3.5340135644386
22820,3.62606598398449,3.66542968755882,3.64699430541893,3.70371460448906,3.69585652199852,3.68397803488174
226,3.81823426584934,3.78359674525503,3.8481285697514,3.76903068175513,3.75373749665438,3.7815568200856
56267,3.47815428819762,3.01686504720589,3.52376057951845,3.26523850644675,3.27326707311564,3.20699297435203
4831,3.6643054716767,3.683218708028,3.621576599924,3.72995597769789,3.68454607395294,3.70308022091486
526,3.526163948526,3.44603906835053,3.51186954727599,3.43904756759086,3.43527890664612,3.43514042233977
2224,3.21166838385899,3.52664058640978,3.53321443344899,3.50515793690223,3.51701976849826,3.49304296988139
6389,3.44754845744294,3.4615455993054,3.41174319321927,3.46136920368438,3.48842276244034,3.52307741334101
23193,3.42991923817543,3.49031256354905,3.39749126959804,3.51073490050024,3.4899321255463,3.47510270099481
8833,3.43961991148441,3.45364574737756,3.41970454231509,3.54684097025187,3.45818102059881,3.47545276655265
4942,3.40752846492516,3.4627954784621,3.44602091339637,3.47229580622322,3.52372313645562,3.48130830034397
10113,3.28565153121406,3.42775958071601,3.4685011154465,3.31723428386893,3.33058175164507,3.34037961916231
56913,3.47617685311737,3.21676651972313,3.37277030964023,3.42539930964141,3.43625674173689,3.4117411284628
37,3.31495899196313,3.3853266066462,3.31718400187821,3.34957022839139,3.38964053356951,3.44714678969321
55611,3.42566835084836,3.40258357531811,3.18760985946624,3.15353887126682,3.34924581437057,3.30933442223135
35,3.35903075298368,3.36454094007986,3.36294595874229,3.35210478626604,3.43171563942779,3.47763351382425
10327,3.50727518629495,3.49759161751603,3.46544786935748,3.43295962567845,3.44977038553863,3.44090177138893
801,3.5685462987516,3.23771184817097,3.71109161445061,3.43282733917001,3.65402956907018,3.1653605060001
801,3.5685462987516,3.23771184817097,3.71109161445061,3.43282733917001,3.65402956907018,3.1653605060001
801,3.5685462987516,3.23771184817097,3.71109161445061,3.43282733917001,3.65402956907018,3.1653605060001
56922,3.86355822689244,3.89711638884482,3.88607895715478,3.94164030842093,3.91745567424646,3.91025708377082
6241,3.60782778150911,3.23092809112865,3.66250271168869,3.42498136174531,3.43255244298611,3.42378254682458
2584,3.41313813856315,3.2492631296647,3.42651508248681,3.28582417811763,3.25817977212956,3.36060366438617
56886,3.48764494793808,3.56900163427376,3.39330890044528,3.39570263488431,3.41699810594861,3.46028679789618
1314,3.7583679003289,3.74993677524197,3.74678639232696,3.80393904775306,3.80526988508313,3.76859410204612
10606,3.67260243495005,3.71103100266418,3.68972582639664,3.68397803488174,3.60827742594269,3.64899870872663
79814,3.34800713985925,3.60487058062186,3.26382267052162,3.61142991031405,3.23111217685375,3.60657720843116
6396,3.42746042823431,3.48435856966343,3.41190430123679,3.49311546777112,3.49104702481383,3.48588011847019
788,3.43152644295416,3.40593951223914,3.46371699004452,3.19588245916992,3.4212171692272,3.47968328046772
10960,3.4144985310771,3.49255171062732,3.41747171354713,3.49493650474712,3.48401701823814,3.4901952551282
23673,3.45307783959517,3.42305731700712,3.45148321520775,3.49808440624659,3.51009637675658,3.45809024954757
5250,3.5543613446627,3.50436421773674,3.47988972598118,3.54276454717534,3.53728910217804,3.59266924488677
2820,3.34707778328341,3.50956614832506,3.45896837930073,3.50164069293464,3.43110619531169,3.54360369624043
5335,3.44051349364319,3.24058541981648,3.44221484319963,3.43714698057973,3.46892716790894,3.39906807371464
790,3.43182844456745,3.37919960879508,3.50776860202694,3.55246451580315,3.49513037234308,3.425986730715
5831,3.45394048480467,3.49317760487942,3.37448709092054,3.46683218636634,3.50379471813173,3.5009964352754
55748,3.5027669975056,3.45196420012078,3.51123322387311,3.4567808470332,3.4242355591799,3.44685517099504
2730,3.49967255108526,3.41109839019871,3.29107696772942,3.5090491812553,3.43954467408233,3.42536171849543
4507,3.36426153490521,3.44045832956331,3.5309169830508,3.48698122881138,3.2663262812396,3.40730804654651
6390,3.3245711487271,3.42246953743454,3.44796361289239,3.48504317603096,3.42092252385902,3.44257011326997
51727,3.43732901901961,3.45589666760151,3.43983821351526,3.48591645380032,3.48603172452232,3.48910942223462
8775,3.40961436151243,3.48407029029387,3.43887629533995,3.49861523395343,3.49186105094064,3.47077946782063
158,3.51474586666295,3.42703109659396,3.52089917774373,3.44089103457467,3.45210415369608,3.43789067975076
159,3.48020717511096,3.43968010793107,3.54647689288397,3.42413154429331,3.44459584578472,3.45835699951689
22872,3.69061211703381,3.67405260533927,3.68103988113377,3.72647990441092,3.71736522669075,3.70493752785561
7001,3.50543253949237,3.45387220340532,3.49651155800964,3.42767086023182,3.45046096522043,3.46002922619166
1892,3.47624023540435,3.42060808014863,3.56677957767467,3.45233535116528,3.45694796707671,3.42002828469095
10935,3.43771613655522,3.45435951782345,3.45033412935085,3.46731565130193,3.48401037495645,3.50041041645595
4594,3.35017611861011,3.34583593171221,3.23276929823346,3.31308159823739,3.42382595093275,3.33498465197379
1212,3.4656320880486,3.40624703871248,3.46314206506855,3.47592394109417,3.48492025936605,3.49804500683412
4245,3.33117811035635,3.38847416393084,3.23210269566639,3.42294347957339,3.2519496093317,3.4254687890186
5095,4.20207978025453,4.2463997263153,4.20217263570986,4.24150665041905,4.25375088337468,4.250499886533
39,3.60056530982844,3.62459190962549,3.52754646040234,3.56915210822052,3.55625917638213,3.51444132290769
128,3.56082239785389,3.41439984591515,3.48976522553568,3.44070919715565,3.45724994577291,3.43004159669693
2936,3.41741021926668,3.48848352703924,3.43153897205458,3.50022343792472,3.47815344233891,3.47805469773763
5096,3.5365337770059,3.57588229870674,3.56968685401391,3.59416999433139,3.61124326927242,3.58139715075067
4598,3.44143795366785,3.47883783748547,3.41739919158932,3.48714975146382,3.4813145351725,3.48784794831554
51056,3.50373634963098,3.45272301040318,3.50120143346093,3.41949948187854,3.46267625551152,3.45406344563105
2597,3.78802891437014,3.85105842361052,3.82141381754708,3.76944637852623,3.78602676244401,3.80002449587927
2821,3.40827904751012,3.48934041753436,3.43848098472813,3.46342262362615,3.49615349205767,3.49808193141532
2806,3.51730637373905,3.50581174777193,3.48723428126002,3.51995601036772,3.53763608065092,3.55889556426157
6888,3.53118909913364,3.45761914752835,3.4700831987611,3.44698416692779,3.3866275742416,3.50069333587286
5832,3.62510471191624,3.59813226811878,3.56597637106287,3.6322415170466,3.64133499732097,3.61942272469312
9380,3.42555420415037,3.44530785652668,3.47230667760103,3.49139520344552,3.487590740279,3.47193608479412
373156,3.44288442337851,3.46886333472123,3.42962351365911,3.48239606924693,3.47619411393364,3.49415111931235
476,3.66469794797526,3.64570792614794,3.6509386321326,3.69438652319999,3.66761908077167,3.69187222933814
7385,3.38585444768483,3.49805883120201,3.45486956029668,3.47554509803574,3.47859579569955,3.50059250071882
2098,3.45985142936211,3.50594299289255,3.4861478486749,3.4531514472982,3.44473477572053,3.44427378173587
3294,3.39197968646562,3.5736174398805,3.27297468189579,3.45856704137067,3.4660709779003,3.46904922026339
79611,3.45762276483982,3.45529554780495,3.43304344278533,3.45511782653196,3.48573834050681,3.5072492328062
347734,3.50215131714439,3.38872272421868,3.44917996104041,3.52571293251914,3.47798237204779,3.4495132639404
7184,3.77004665199134,3.70920556570868,3.72081031816401,3.70443320406611,3.69714996901381,3.70239604699511
2744,3.42025849325651,3.47285101204219,3.45488130622634,3.44550293007958,3.4906723643144,3.50972900190976
3028,3.53686172220899,3.5995018040588,3.58345401726712,3.60360725591422,3.62259789979697,3.58891385591704
4905,3.49302541575556,3.42145270051316,3.43100365198098,3.50014434332817,3.48680849949777,3.46142533008256
9114,3.47924811266107,3.48428806456312,3.37595090046798,3.52024199631847,3.46680892738753,3.46672496218523
293,3.22329287534676,3.62570377748813,3.40735827819537,3.43612988342896,3.12729260054242,3.52313456723161
29927,3.43701821391475,3.47816464035932,3.43310534054506,3.48455151011032,3.47717043960261,3.48411888823073
515,3.48631490240917,3.53390246216027,3.4773576781564,3.52509398818434,3.5133827531566,3.55178330885997
31,4.21261987981744,4.2361613973678,4.23102541602041,4.25318894914536,4.26152815334579,4.23889836818716
471,3.50451430665722,3.46990244480965,3.46712281167391,3.44374120619217,3.43402088029859,3.47480416627744
1841,3.42925415338467,3.44505740826035,3.47687879704099,3.45095905327857,3.49136450432643,3.50050482761079
539,3.42766757353682,3.5004639617107,3.41982105132518,3.49510552821702,3.4655728456064,3.48518454334188
1632,3.37793174077148,3.48754253810894,3.2505055106852,3.38680273699466,3.33449907345733,3.52685180542905
10213,3.54388989942393,3.42246362144561,3.32706025480582,3.21594957581851,3.4600743506337,3.48103386951076
1431,3.66367411906262,3.60261756761496,3.59415929088319,3.62628229902773,3.65856884387883,3.66474141481424
34,3.39280897137239,3.4229259426347,3.41551859229285,3.4117349877099,3.43012696692394,3.49308820080534
4190,3.49675082721985,3.48357094987549,3.46151046887806,3.44826710356786,3.44172313350414,3.46237373065888
219,3.30926374192762,3.29837560416519,3.36974482330132,3.32172031616756,3.35089168596837,3.19159318889762
4716,3.40798751118701,3.52052716649883,3.26310958516918,3.43787485679169,3.48451017870927,3.39188635354445
2194,3.99701266537735,4.00158681404765,3.97998847145485,4.01438375503414,4.02390674004102,4.01021862493841
29920,3.36522388993496,3.4997957271599,3.42776929081282,3.43430503677455,3.48063412017209,3.47914532337465
2589,3.55744385362665,3.37110387122412,3.28951349297266,3.4939190100844,3.52938331138944,3.31539358098669
5052,3.89158482078587,3.89668589858234,3.88190126001592,3.92192576942648,3.90284583553008,3.91375581851198
1717,3.61228204631758,3.66009739232004,3.64899870872663,3.61524226427782,3.62083354139587,3.60798181202975
3032,3.47106861523962,3.49093992866882,3.43744572550042,3.4978910041011,3.46661052873196,3.51277391024563
1737,3.46661582220501,3.51280101304103,3.45684489444846,3.48271174156585,3.44715286177664,3.42785240193759
4830,3.43055349930626,3.47362588573034,3.45420669359534,3.47164804638193,3.48075999498227,3.4834208914799
4722,3.34598226832547,3.31550238503968,3.32119916223857,3.38026486771787,3.20618943604896,3.50759582945674
29968,3.50751655644313,3.40144355778759,3.53100496560197,3.51633286396931,3.4110104894929,3.42537475140183
2746,3.4743083473545,3.56361752013235,3.50510834969885,3.51934815084137,3.53533357431913,3.56554450359978
2747,3.4743083473545,3.56361752013235,3.50510834969885,3.51934815084137,3.53533357431913,3.56554450359978
191,3.78084240495583,3.74791315196932,3.74005097920581,3.77713604795547,3.77341206426937,3.78779714558028
2673,3.50816092416745,3.52537486313086,3.50134647285458,3.55557216371182,3.51261292820416,3.53555476857402
292,3.66907087504795,3.67299997468957,3.63448040022456,3.68063281639496,3.67163256327506,3.69176601607808
5688,3.43324858496543,3.50096222399884,3.42254732927207,3.50920816382243,3.44314682966532,3.48461044778972
3939,3.72082659077561,3.75866195301001,3.73312774396299,3.71943752013632,3.70421243545432,3.72196416702415
1650,3.54598399969311,3.56810177811699,3.5219946804648,3.53337434288185,3.51199864252029,3.52606861168635
821,3.82179605960452,3.81271819096266,3.8069161131395,3.78190874738997,3.7990457702959,3.80186911821091
10632,3.46367920930663,3.47492054908201,3.42459085456657,3.4650349462,3.46089747777998,3.50495805769338
440,3.25573609177244,3.41677809936204,3.30756259396201,3.34173571964055,3.2707013730064,3.2832464462178
25902,3.44762705263739,3.42657377458189,3.48691629678309,3.48493024716178,3.47294573331939,3.47514072614467
51109,3.50180308910999,3.44777976405311,3.48274180727328,3.46279707521848,3.45260588739192,3.44644096983297
481,3.46813290650406,3.45539384343943,3.44010123418253,3.47526511385169,3.49415382003166,3.46119957964587
2108,3.58293692519873,3.62237547235325,3.64548508870288,3.62254666809844,3.67097605109777,3.62007773814741
1718,3.47358712871886,3.43876374700449,3.45387495764873,3.46247178829973,3.49932593419495,3.46618484988768
372,3.46960838474371,3.46894191561584,3.46025667947877,3.50851934166255,3.49669480800656,3.45736769130228
6472,3.58991170734246,3.59168101945314,3.57808449265071,3.59293655004915,3.60213994786299,3.62289679970176
58477,3.44891187836222,3.45379029697467,3.46266974934325,3.4915435421948,3.46276608578422,3.47461490444187
641371,3.43822488105479,3.45843928784245,3.47126058122288,3.47331449336185,3.49225452602863,3.46075905476096
10965,3.43822488105479,3.45843928784245,3.47126058122288,3.47331449336185,3.49225452602863,3.46075905476096
3157,3.54453797568734,3.53637759658638,3.51045844770443,3.5229290543811,3.511220858159,3.49952825878538
1891,3.33028537749797,3.54493861256843,3.47268478275015,3.55025129832956,3.27614001675302,3.61125537266424
6731,3.50710332156002,3.46378779027788,3.45839305664742,3.43749006219375,3.4553633676797,3.47200613316279
50814,3.32307674426807,3.46142731104421,3.46093855107915,3.44364102981095,3.43044090166114,3.44995874903418
51560,3.62060814780892,3.57035862296026,3.568153205482,3.60842016111882,3.58066155858512,3.62740013673813
50,3.50030989832089,3.51565871417911,3.52589996523593,3.52590695403683,3.53690704975777,3.53294938391484
23530,3.49533748624987,3.46980356850868,3.39976983951914,3.45982543441986,3.47185535085832,3.49719462759052
506,3.59084818055606,3.67288907430349,3.59621780637681,3.60545807252383,3.56858958870369,3.62903913358077
3418,3.69646338395021,3.74491481854555,3.71505230472342,3.73208765408158,3.74582394127072,3.73107294459172
3155,3.39502808549603,3.36959982206777,3.373816592663,3.40248980500516,3.36091921422113,3.30835497852709
56954,3.51453101724741,3.191452886438,3.50965224899396,3.45863459304454,3.22484355727769,3.4454635238621
47,3.66057953330922,3.67147911717014,3.65290505731884,3.64568637912964,3.65000347938236,3.63966173494478
5315,3.93437580341974,3.92165679642675,3.93564645171775,3.92282094006501,3.91052411626366,3.91210490270508
80704,3.44099193172728,3.46751378756164,3.45960088623517,3.43968464708825,3.48221653034619,3.50409993279102
9588,3.49599956152526,3.45091657411015,3.51420776381261,3.45458281164956,3.45351018545744,3.49855529057649
6648,3.35184675997927,3.55512118587096,3.41013063169194,3.47463194109738,3.47688757440723,3.44067603278307
22818,3.47526897331367,3.47668605309668,3.4156937272585,3.44568372704754,3.48999193631103,3.49065901260883
9554,3.42759972275474,3.47954961668715,3.46157286163094,3.47235084689457,3.47374363146416,3.47940334712514
7358,3.55621841153511,3.54381141764048,3.5166714757935,3.53351904849497,3.50934035662581,3.52238155516699
36,3.44130677205644,3.48739166909144,3.44001354325873,3.45753638448645,3.4899479916423,3.47796605276817
3703,3.49055709634109,3.47909059343342,3.48275052259108,3.4802813570955,3.51398894224683,3.51112881409041
6238,3.82361707350334,3.7817240495674,3.79679333047494,3.77324455654991,3.7956963526732,3.78552374211651
1603,3.44029319248154,3.45822496649314,3.47277423462744,3.44672180186948,3.46176415829758,3.51428766769033
4144,3.45272276578783,3.50002786454635,3.47031769683247,3.46852366069277,3.45072107721325,3.45192310812285
6730,3.44255194212803,3.49877397845601,3.48154173714458,3.46875052227197,3.43670773808927,3.4658164208192
1371,3.48978324964402,3.46758244648798,3.46369052733636,3.46738127184411,3.43656827294798,3.46926454286587
1757,3.61320277366315,3.61639382000869,3.60017139113199,3.60860069929849,3.63775393907032,3.6256070048673
64834,3.25976398917154,3.52476269980949,3.4428830569962,3.29326232110275,3.42068408891841,3.44839352176024
5091,4.51690632742091,4.54929308571031,4.52757491642791,4.5390111090669,4.54927689966205,4.54302145623381
5226,3.67857844498653,3.71005331189809,3.67840487536667,3.70327033150966,3.69212983532214,3.71510737779916
6576,3.51278876496266,3.4504213229863,3.40884997718812,3.4663909284093,3.47961152837811,3.47575563449914
2181,3.62411944969885,3.62076424540716,3.60724505397278,3.58449331303055,3.60030276129558,3.62329704761135
10525,3.48936731623804,3.4687521753019,3.46058646107498,3.45059727879344,3.46894026075163,3.45607919054694
2109,3.4656711373192,3.48804636651635,3.42146941613773,3.43870302874263,3.48559175340238,3.49449320841415
375,3.47882906349232,3.44363885843791,3.45437545371677,3.4797584600066,3.47023600413634,3.46747675625461
498,3.68523946417014,3.77691811690169,3.69076515528892,3.72692918720063,3.72356503604049,3.7439618666644
201595,3.49886706126789,3.44699660900617,3.4710202778958,3.42648910572485,3.47462743426081,3.47609477515419
224,3.33060155182455,3.26114496485398,3.40211215658711,3.36116415220095,3.2337864800597,3.45127852383325
6745,3.47872024431062,3.43213339701659,3.46585772077293,3.47214452435213,3.45493855682077,3.49041467462208
1743,3.4725407724302,3.50340123732481,3.30734226034992,3.39367488727729,3.45462630114238,3.48931741055073
2182,3.66354243539101,3.70833905688594,3.6912030674392,3.66268014484113,3.68904551840294,3.67544684327126
5682,3.49106810321227,3.47095032725333,3.41257995861562,3.43201370870452,3.44542039556706,3.54130571887112
8943,3.5077883394538,3.43598916406439,3.43315603777006,3.47426075764047,3.50351537685485,3.43911306484342
8574,3.42955622072744,3.36785072055699,3.428518793841,3.42906243550269,3.3950741909502,3.4434762724795
6560,3.48650142797928,3.27877467757827,3.41185484371815,3.46369456648518,3.45575698209184,3.30829314911117
5211,3.24058366658725,3.29133077370135,3.45055637838038,3.26762654708214,3.47867918758453,3.28736492610631
10802,3.47360457842792,3.44317181738343,3.46373425339139,3.47428491819606,3.48515419881517,3.4543501956144
1537,3.32217824888515,3.45613689719341,3.36768771869633,3.44932826161161,3.36647839370182,3.37305286823742
1376,3.4414538982257,3.49685549252057,3.43978519482963,3.4606113577688,3.49016531503131,3.46525859558456
26227,3.60775276304125,3.54362797425402,3.59242279652812,3.568666358259,3.56768979128678,3.57334685486356
1645,3.69357044144274,3.77845183131305,3.75070836882313,3.75875885523652,3.75646043955321,3.74070641267167
5683,3.44743211453636,3.55166378408077,3.33666876014818,3.42783388228647,3.48708198124615,3.46639292751933
4513,3.46710764331668,3.48269976061976,3.46373286077022,3.4790225614402,3.43708768524041,3.46463580053854
5689,3.51506886619822,3.45606308808768,3.40782711125649,3.45001785166606,3.452096639842,3.51249172141425
4967,3.41662721864763,3.49828267687352,3.46514945895775,3.46462522228722,3.47592700319149,3.47344080844626
8659,3.47617398802266,3.47703339448095,3.46013771278183,3.42049591809785,3.48072889514252,3.47957298420269
3419,3.44803305437447,3.48788159973661,3.44609096472839,3.45175095831726,3.4927060772472,3.46774099099148
5213,3.47489338125018,3.43095500773812,3.47622910214361,3.48942881499561,3.4645529725273,3.4581539277635
30,3.44254461031188,3.50957992929989,3.4601396559802,3.42709930667448,3.44408729241819,3.51031993865156
7415,3.71043547815857,3.72639067921857,3.6939791208581,3.69682419466077,3.70171763867247,3.7060086494109
5685,3.48305850646041,3.47188249033614,3.45722905103733,3.48230501871367,3.4242369576963,3.4754536641594
5714,3.63939226437094,3.24159467555923,3.52732613730692,3.48762141095149,3.46664966718359,3.42322151377976
217,3.53178101796294,3.58030991227571,3.51945330176079,3.52355506260453,3.56048356089268,3.57171719733825
4047,3.4895241142025,3.49065590995415,3.4304327425871,3.50315532976762,3.40642938629195,3.47347800559057
216,3.68959714135778,3.73937819053562,3.70438262634797,3.69178629834079,3.70218122489033,3.7173278786452
1503,3.50632975770959,3.42130610527754,3.48247740704949,3.47372203785542,3.46891407876553,3.44120846799895
2950,3.6391270496642,3.68776813460631,3.64494456112761,3.66198361885498,3.63727246994461,3.65271445565398
3030,3.71415563532365,3.69800207191694,3.67395404746698,3.71519627351397,3.68027422257212,3.70996521133424
38,3.56743152946023,3.51274090254335,3.52927089178145,3.53531062820895,3.54835301287264,3.5464589540137
6520,3.43939355097796,3.48511614912715,3.46179740249186,3.46041635644729,3.47370931472967,3.47385842326434
5836,3.47472634844633,3.47247148145172,3.46047482753435,3.47161410355167,3.43371322023763,3.4812701026809
5160,3.46038829637637,3.49895370841074,3.447028763327,3.43986295211265,3.4813171254117,3.46662496598569
3417,3.7080264238526,3.76198538815921,3.70312193610377,3.72149745999067,3.72661965872185,3.74196611834408
3615,3.48626687074424,3.43591408997781,3.48365721948633,3.51199338952335,3.47819394771405,3.39753355798178
4121,3.44904874637259,3.47215946377493,3.48348976555547,3.4561837356009,3.47567493859876,3.45776992055104
3295,3.56756066156287,3.56500621287002,3.51740935767736,3.55482764181479,3.54535035099866,3.5644523510724
9061,3.45258471824369,3.4412516157604,3.2917053863305,3.39395520518912,3.41741609013148,3.39519380983546
501,3.50034394851548,3.45509720401525,3.41785413242184,3.47030640924503,3.46806078704782,3.41811829303282
5834,3.48610370127908,3.45916964243719,3.44487768061939,3.51159778339739,3.44775146876132,3.44453768940032
7296,3.46219860927763,3.49503038074132,3.43229497471852,3.48455172549378,3.46170056512268,3.45839788739657
7263,3.44835397930174,3.47347488793898,3.46751894094035,3.42527532315324,3.50544051928891,3.47398713681792
6342,3.46123119261244,3.47742062239491,3.46647138861625,3.4630358210075,3.41441985887796,3.51134893370626
91373,3.46655586729429,3.49027381360107,3.44747529349671,3.45025041422918,3.47617675916371,3.4635542478912
11316,3.46341856515688,3.46624269819506,3.47430360791753,3.50124066396386,3.45600864836558,3.43295025700921
5690,3.38787928034379,3.49409669544375,3.29531515389565,3.36402679626306,3.37909609522786,3.4205048327124
4522,3.56245575187138,3.45452628450986,3.46727749403714,3.49528090347464,3.4837158131262,3.49354230059846
9377,3.45013083361412,3.45615228655602,3.49627776294571,3.40582464418094,3.52022635215684,3.46502100125577
10165,3.36808893110389,3.60813667351407,3.41086392902005,3.50227398431014,3.41367789612701,3.48762761589909
6748,3.44443136381512,3.49514846599392,3.45150505867909,3.51156100109987,3.3937901681193,3.49700337126818
9060,3.51847590732221,3.46294221723292,3.42093819590084,3.44995532492329,3.44146207028532,3.49996060014014
6718,3.59474056756883,3.16966380302936,3.62784816990412,3.60625856535667,3.6308914492265,3.13674073764506
133686,3.46803205898325,3.44950585799552,3.475223348236,3.48111375766782,3.43873920436522,3.48164358684038
5447,3.47579084263083,3.4850073314421,3.43193957192646,3.45783240287206,3.48057282776036,3.46308219180217
5106,3.6529457577746,3.64955781702351,3.64780958881354,3.63863546327177,3.65803349001888,3.6468305867482
1595,3.48596102952837,3.450949161271,3.4640741353991,3.46374213916369,3.43983894637337,3.48966223948831
5034,3.46824800884361,3.53253981642593,3.51868588451876,3.49261963627903,3.48749356858644,3.53426179329874
2618,3.47714429495921,3.44960335112538,3.47337413999907,3.47568355198463,3.48996407745466,3.4283933433568
5861,3.5965821161892,3.62385723401844,3.64536998368669,3.61143871151393,3.62637368871178,3.63480828248812
9446,3.50277419233618,3.43040455732421,3.46720859909432,3.47967075807157,3.44408775058724,3.46993928264506
8417,3.47883799428296,3.44249895486881,3.47419694963779,3.45014351295321,3.49325388692801,3.45529481754054
4191,3.63905153536847,3.61866743127533,3.61531452659116,3.61364247210811,3.63517411030891,3.62623236675328
80146,3.46519846369393,3.46683829849239,3.46608190050413,3.50221338152082,3.46700588939951,3.42679250886037
5708,3.49236872566113,3.43304714702988,3.47074922483198,3.49043424067731,3.45700363699961,3.45054045865225
2222,3.4510337844504,3.4617090577875,3.48340488306355,3.4602982570739,3.47029725825051,3.46761231581525
10449,3.58422010269777,3.59024996916403,3.5754935326909,3.57898860956019,3.58524215445056,3.58679455387907
1738,3.44342009773425,3.5051030569764,3.44820948142115,3.43362264113115,3.48212011117958,3.48154942390853
