<?xml version="1.0" encoding="utf-8"?>
<ApplicationInstallerManifest>
   <DefaultInstallationDirectory>/Applications/execCellfie/</DefaultInstallationDirectory>
   <ApplicationName>execCellfie</ApplicationName>
   <ExecutableName>application/execCellfie.exe</ExecutableName>
   <GUID>7612703c-99a1-4852-9634-1c0d58ca25bd</GUID>
   <ApplicationIcon>default_icon_48.png</ApplicationIcon>
   <Logo>default_logo.png</Logo>
   <Version>0.7</Version>
   <InstallationNotes>In the following directions, replace MR/v95 by the directory on the target machine where MATLAB is installed, or MR by the directory where the MATLAB Runtime is installed.

If the environment variable DYLD_LIBRARY_PATH is undefined, set it to the following string:

MR/v95/runtime/maci64:MR/v95/sys/os/maci64:MR/v95/bin/maci64

If it is defined, set it to the following:

${DYLD_LIBRARY_PATH}:MR/v95/runtime/maci64:MR/v95/sys/os/maci64:MR/v95/bin/maci64
</InstallationNotes>
   <Summary>An alternative approach to capture the breadth of cellular functions by performing a functional analysis of existing biological networks.</Summary>
   <WelcomePanelText>execCellfie 0.7
An alternative approach to capture the breadth of cellular functions by performing a functional analysis of existing biological networks.

CellFie: Cellular Functions InferencE


An alternative approach for the interpretation of omics data (e.g., differentially expressed genes) that captures the simplicity of enrichment analyses, while providing deeper mechanistic insights into how differential expression impacts specific cellular functions. This approach enables the investigation of hundreds of metabolic tasks curated from literature covering 7 major metabolic activities of a cell (energy generation, nucleotide, carbohydrate, amino acid, lipid, vitamin &amp; cofactor and glycan metabolism) and 4 mammalian organisms (human, rat, mouse and CHO cells). This platform can be used to predict the activity of these metabolic functions from transcriptomic data to comprehensively quantify the propensity of a cell line or tissue to express a metabolic function.

We welcome any comments, bug reports, and feature requests. Please send all feedback to arichelleres@gmail.com

For issues with the GenePattern module, please contact atwenzel@eng.ucsd.edu

Updates
8/04/20 - remove cobratoolbox dependency
3/26/2020 - added detailScores.csv output
4/09/2020 - fixed percentile setting in line 23-25
4/09/2020 - added explicit "global" parameter
4/19/2020 - fixed execCellfie parameter bug

Richelle, Kellman
bkellman@eng.ucsd.edu</WelcomePanelText>
   <MCRProducts>
      <MCRProduct>
         <ExternalProductIdentifier>35000</ExternalProductIdentifier>
      </MCRProduct>
      <MCRProduct>
         <ExternalProductIdentifier>35010</ExternalProductIdentifier>
      </MCRProduct>
   </MCRProducts>
</ApplicationInstallerManifest>