<?xml version="1.0" encoding="utf-8"?>
<productAdditionalComps>
   <dependsOn>
      <component>
         <name>execCellfie</name>
         <locale/>
         <platformList>
            <platform>maci64</platform>
         </platformList>
         <version>0.7</version>
      </component>
   </dependsOn>
   <isControllingProduct>true</isControllingProduct>
   <platform>maci64</platform>
   <productName>execCellfie</productName>
   <productNumber>5000</productNumber>
   <productBaseCode>execCellfie</productBaseCode>
   <productVersion>0.7</productVersion>
   <releaseFamily>R2018b</releaseFamily>
   <releaseDescription>R2018b</releaseDescription>
</productAdditionalComps>