SampleID_S1,TaskID_S1,TaskScore_S1,BinaryTaskScore_S1,EssentialRxnsTask_S1,ExpressionScoreEssentialRxnsTask_S1,GeneAssociatedToEssentialRxnsTask_S1,GeneExpressionValue_S1,SampleID_S2,TaskID_S2,TaskScore_S2,BinaryTaskScore_S2,EssentialRxnsTask_S2,ExpressionScoreEssentialRxnsTask_S2,GeneAssociatedToEssentialRxnsTask_S2,GeneExpressionValue_S2,SampleID_S3,TaskID_S3,TaskScore_S3,BinaryTaskScore_S3,EssentialRxnsTask_S3,ExpressionScoreEssentialRxnsTask_S3,GeneAssociatedToEssentialRxnsTask_S3,GeneExpressionValue_S3,SampleID_S4,TaskID_S4,TaskScore_S4,BinaryTaskScore_S4,EssentialRxnsTask_S4,ExpressionScoreEssentialRxnsTask_S4,GeneAssociatedToEssentialRxnsTask_S4,GeneExpressionValue_S4,SampleID_S5,TaskID_S5,TaskScore_S5,BinaryTaskScore_S5,EssentialRxnsTask_S5,ExpressionScoreEssentialRxnsTask_S5,GeneAssociatedToEssentialRxnsTask_S5,GeneExpressionValue_S5,SampleID_S6,TaskID_S6,TaskScore_S6,BinaryTaskScore_S6,EssentialRxnsTask_S6,ExpressionScoreEssentialRxnsTask_S6,GeneAssociatedToEssentialRxnsTask_S6,GeneExpressionValue_S6
1,1,1.92385506813356,1,TRAP,3.4966535066462,6745,31.301714,2,1,1.92854562668863,1,TRAP,3.46316335751829,6745,30.886356,3,1,2.11267573893939,1,TRAP,3.56289816849213,6745,32.131546,4,1,2.1068634806775,1,TRAP,3.55917297330948,6745,32.084589,5,1,2.12792544069907,1,TRAP,3.44700763913218,6745,30.686979,6,1,2.04889368996186,1,TRAP,3.25935841724431,6745,28.417795
1,1,1.92385506813356,1,SEC61C,10.4111992135786,29927,549.972527,2,1,1.92854562668863,1,SEC61C,10.3546736650941,29927,542.909647,3,1,2.11267573893939,1,SEC61C,10.4819354747634,29927,558.924265,4,1,2.1068634806775,1,SEC61C,9.95942648567053,29927,495.69287,5,1,2.12792544069907,1,SEC61C,10.063023909047,29927,507.710118,6,1,2.04889368996186,1,SEC61C,9.94968866090319,29927,494.576037
1,1,1.92385506813356,1,BiP_atp_formation,10.5938833407748,3309,573.352739,2,1,1.92854562668863,1,BiP_atp_formation,10.6352262827951,3309,578.763464,3,1,2.11267573893939,1,BiP_atp_formation,10.6490460034586,3309,580.582109,4,1,2.1068634806775,1,BiP_atp_formation,10.7767787525283,3309,597.63155,5,1,2.12792544069907,1,BiP_atp_formation,10.9270247956571,3309,618.251515,6,1,2.04889368996186,1,BiP_atp_formation,10.727227943094,3309,590.965877
1,1,1.92385506813356,1,BiP_ATPase,10.5938833407748,3309,573.352739,2,1,1.92854562668863,1,BiP_ATPase,10.6352262827951,3309,578.763464,3,1,2.11267573893939,1,BiP_ATPase,10.6490460034586,3309,580.582109,4,1,2.1068634806775,1,BiP_ATPase,10.7767787525283,3309,597.63155,5,1,2.12792544069907,1,BiP_ATPase,10.9270247956571,3309,618.251515,6,1,2.04889368996186,1,BiP_ATPase,10.727227943094,3309,590.965877
1,1,1.92385506813356,1,BiP_NEF,3.6081042314265,64374,24.014476,2,1,1.92854562668863,1,BiP_NEF,3.65267928758192,64374,24.432825,3,1,2.11267573893939,1,BiP_NEF,3.70656364757798,64374,24.943549,4,1,2.1068634806775,1,BiP_NEF,3.14919866842879,64374,19.917577,5,1,2.12792544069907,1,BiP_NEF,3.46733440684023,64374,22.717536,6,1,2.04889368996186,1,BiP_NEF,3.18130561187376,64374,20.192141
1,1,1.92385506813356,1,BiP_adp_degradation,10.5938833407748,3309,573.352739,2,1,1.92854562668863,1,BiP_adp_degradation,10.6352262827951,3309,578.763464,3,1,2.11267573893939,1,BiP_adp_degradation,10.6490460034586,3309,580.582109,4,1,2.1068634806775,1,BiP_adp_degradation,10.7767787525283,3309,597.63155,5,1,2.12792544069907,1,BiP_adp_degradation,10.9270247956571,3309,618.251515,6,1,2.04889368996186,1,BiP_adp_degradation,10.727227943094,3309,590.965877
1,1,1.92385506813356,1,SRP,3.17899398767984,6731,45.772996,2,1,1.92854562668863,1,SRP,3.13519966543518,6731,44.924581,3,1,2.11267573893939,1,SRP,3.06341477793433,6731,43.549886,4,1,2.1068634806775,1,SRP,3.4809993603486,6729,66.384766,5,1,2.12792544069907,1,SRP,3.58133006257277,6729,69.06767,6,1,2.04889368996186,1,SRP,3.22289600170296,6729,59.725302
1,1,1.92385506813356,1,SRPR,3.13533562850421,58477,68.300915,2,1,1.92854562668863,1,SRPR,3.2305328938104,58477,71.119178,3,1,2.11267573893939,1,SRPR,3.40699643659057,58477,76.487346,4,1,2.1068634806775,1,SRPR,3.46572773886461,6734,78.316436,5,1,2.12792544069907,1,SRPR,3.5475336695978,6734,80.900219,6,1,2.04889368996186,1,SRPR,3.46279106728559,6734,78.224467
1,1,1.92385506813356,1,SPC,3.28014282129282,28972,46.715563,2,1,1.92854562668863,1,SPC,3.33926873323967,28972,47.870642,3,1,2.11267573893939,1,SPC,3.17401533064144,28972,44.676219,4,1,2.1068634806775,1,SPC,3.55548956417178,9789,76.604385,5,1,2.12792544069907,1,SPC,3.48301219981208,60559,52.803126,6,1,2.04889368996186,1,SPC,3.2287152098881,60559,47.584355
1,1,1.92385506813356,1,co_TRANSLOC_1,3.17899398767984,6731,45.772996,2,1,1.92854562668863,1,co_TRANSLOC_1,3.13519966543518,6731,44.924581,3,1,2.11267573893939,1,co_TRANSLOC_1,3.06341477793433,6731,43.549886,4,1,2.1068634806775,1,co_TRANSLOC_1,3.4809993603486,6729,66.384766,5,1,2.12792544069907,1,co_TRANSLOC_1,3.58133006257277,6729,69.06767,6,1,2.04889368996186,1,co_TRANSLOC_1,3.22289600170296,6729,59.725302
1,1,1.92385506813356,1,co_TRANSLOC_2,3.17899398767984,6731,45.772996,2,1,1.92854562668863,1,co_TRANSLOC_2,3.13519966543518,6731,44.924581,3,1,2.11267573893939,1,co_TRANSLOC_2,3.06341477793433,6731,43.549886,4,1,2.1068634806775,1,co_TRANSLOC_2,3.46572773886461,6734,78.316436,5,1,2.12792544069907,1,co_TRANSLOC_2,3.5475336695978,6734,80.900219,6,1,2.04889368996186,1,co_TRANSLOC_2,3.22289600170296,6729,59.725302
1,1,1.92385506813356,1,co_TRANSLOC_3,3.17899398767984,6731,45.772996,2,1,1.92854562668863,1,co_TRANSLOC_3,3.13519966543518,6731,44.924581,3,1,2.11267573893939,1,co_TRANSLOC_3,3.06341477793433,6731,43.549886,4,1,2.1068634806775,1,co_TRANSLOC_3,3.46572773886461,6734,78.316436,5,1,2.12792544069907,1,co_TRANSLOC_3,3.5475336695978,6734,80.900219,6,1,2.04889368996186,1,co_TRANSLOC_3,3.22289600170296,6729,59.725302
1,1,1.92385506813356,1,co_TRANSLOC_4,3.17899398767984,6731,45.772996,2,1,1.92854562668863,1,co_TRANSLOC_4,3.13519966543518,6731,44.924581,3,1,2.11267573893939,1,co_TRANSLOC_4,3.06341477793433,6731,43.549886,4,1,2.1068634806775,1,co_TRANSLOC_4,3.46572773886461,6734,78.316436,5,1,2.12792544069907,1,co_TRANSLOC_4,3.5475336695978,6734,80.900219,6,1,2.04889368996186,1,co_TRANSLOC_4,3.22289600170296,6729,59.725302
1,1,1.92385506813356,1,co_TRANSLOC_5,3.28014282129282,28972,46.715563,2,1,1.92854562668863,1,co_TRANSLOC_5,3.33926873323967,28972,47.870642,3,1,2.11267573893939,1,co_TRANSLOC_5,3.17401533064144,28972,44.676219,4,1,2.1068634806775,1,co_TRANSLOC_5,3.55548956417178,9789,76.604385,5,1,2.12792544069907,1,co_TRANSLOC_5,3.48301219981208,60559,52.803126,6,1,2.04889368996186,1,co_TRANSLOC_5,3.2287152098881,60559,47.584355
1,1,1.92385506813356,1,co_TRANSLOC_6,3.4966535066462,6745,31.301714,2,1,1.92854562668863,1,co_TRANSLOC_6,3.46316335751829,6745,30.886356,3,1,2.11267573893939,1,co_TRANSLOC_6,3.46332421670725,7095,30.500132,4,1,2.1068634806775,1,co_TRANSLOC_6,3.34280996962101,8202,32.081546,5,1,2.12792544069907,1,co_TRANSLOC_6,3.24590434386522,8202,30.81853,6,1,2.04889368996186,1,co_TRANSLOC_6,3.10001413562631,8202,28.962649
1,1,1.92385506813356,1,BiP_release,3.6081042314265,64374,24.014476,2,1,1.92854562668863,1,BiP_release,3.65267928758192,64374,24.432825,3,1,2.11267573893939,1,BiP_release,3.70656364757798,64374,24.943549,4,1,2.1068634806775,1,BiP_release,3.14919866842879,64374,19.917577,5,1,2.12792544069907,1,BiP_release,3.46733440684023,64374,22.717536,6,1,2.04889368996186,1,BiP_release,3.18130561187376,64374,20.192141
1,1,1.92385506813356,1,SP_degradation,3.09115453107253,5716,30.478861,2,1,1.92854562668863,1,SP_degradation,3.04067459319147,389362,11.036113,3,1,2.11267573893939,1,SP_degradation,2.98128289048824,8624,47.813084,4,1,2.1068634806775,1,SP_degradation,3.39066440242771,5715,29.091998,5,1,2.12792544069907,1,SP_degradation,3.18535114982846,389362,11.747205,6,1,2.04889368996186,1,SP_degradation,3.38350700647572,389362,12.75515
1,1,1.92385506813356,1,SPC_degradation,3.28014282129282,28972,46.715563,2,1,1.92854562668863,1,SPC_degradation,3.33926873323967,28972,47.870642,3,1,2.11267573893939,1,SPC_degradation,3.17401533064144,28972,44.676219,4,1,2.1068634806775,1,SPC_degradation,3.55548956417178,9789,76.604385,5,1,2.12792544069907,1,SPC_degradation,3.48301219981208,60559,52.803126,6,1,2.04889368996186,1,SPC_degradation,3.2287152098881,60559,47.584355
1,1,1.92385506813356,1,co_TRANSLOC_7,3.4966535066462,6745,31.301714,2,1,1.92854562668863,1,co_TRANSLOC_7,3.46316335751829,6745,30.886356,3,1,2.11267573893939,1,co_TRANSLOC_7,3.46332421670725,7095,30.500132,4,1,2.1068634806775,1,co_TRANSLOC_7,3.34280996962101,8202,32.081546,5,1,2.12792544069907,1,co_TRANSLOC_7,3.24590434386522,8202,30.81853,6,1,2.04889368996186,1,co_TRANSLOC_7,3.10001413562631,8202,28.962649
1,1,1.92385506813356,1,TRAP_degradation,3.4966535066462,6745,31.301714,2,1,1.92854562668863,1,TRAP_degradation,3.46316335751829,6745,30.886356,3,1,2.11267573893939,1,TRAP_degradation,3.56289816849213,6745,32.131546,4,1,2.1068634806775,1,TRAP_degradation,3.55917297330948,6745,32.084589,5,1,2.12792544069907,1,TRAP_degradation,3.44700763913218,6745,30.686979,6,1,2.04889368996186,1,TRAP_degradation,3.25935841724431,6745,28.417795
1,2,3.19461167667923,1,TRAP,3.4966535066462,6745,31.301714,2,2,3.17777581162725,1,TRAP,3.46316335751829,6745,30.886356,3,2,3.50175588138404,1,TRAP,3.56289816849213,6745,32.131546,4,2,3.45933166676,1,TRAP,3.55917297330948,6745,32.084589,5,2,3.51117780458006,1,TRAP,3.44700763913218,6745,30.686979,6,2,3.410856570237,1,TRAP,3.25935841724431,6745,28.417795
1,2,3.19461167667923,1,SEC61C,10.4111992135786,29927,549.972527,2,2,3.17777581162725,1,SEC61C,10.3546736650941,29927,542.909647,3,2,3.50175588138404,1,SEC61C,10.4819354747634,29927,558.924265,4,2,3.45933166676,1,SEC61C,9.95942648567053,29927,495.69287,5,2,3.51117780458006,1,SEC61C,10.063023909047,29927,507.710118,6,2,3.410856570237,1,SEC61C,9.94968866090319,29927,494.576037
1,2,3.19461167667923,1,BiP_atp_formation,10.5938833407748,3309,573.352739,2,2,3.17777581162725,1,BiP_atp_formation,10.6352262827951,3309,578.763464,3,2,3.50175588138404,1,BiP_atp_formation,10.6490460034586,3309,580.582109,4,2,3.45933166676,1,BiP_atp_formation,10.7767787525283,3309,597.63155,5,2,3.51117780458006,1,BiP_atp_formation,10.9270247956571,3309,618.251515,6,2,3.410856570237,1,BiP_atp_formation,10.727227943094,3309,590.965877
1,2,3.19461167667923,1,BiP_ATPase,10.5938833407748,3309,573.352739,2,2,3.17777581162725,1,BiP_ATPase,10.6352262827951,3309,578.763464,3,2,3.50175588138404,1,BiP_ATPase,10.6490460034586,3309,580.582109,4,2,3.45933166676,1,BiP_ATPase,10.7767787525283,3309,597.63155,5,2,3.51117780458006,1,BiP_ATPase,10.9270247956571,3309,618.251515,6,2,3.410856570237,1,BiP_ATPase,10.727227943094,3309,590.965877
1,2,3.19461167667923,1,BiP_NEF,3.6081042314265,64374,24.014476,2,2,3.17777581162725,1,BiP_NEF,3.65267928758192,64374,24.432825,3,2,3.50175588138404,1,BiP_NEF,3.70656364757798,64374,24.943549,4,2,3.45933166676,1,BiP_NEF,3.14919866842879,64374,19.917577,5,2,3.51117780458006,1,BiP_NEF,3.46733440684023,64374,22.717536,6,2,3.410856570237,1,BiP_NEF,3.18130561187376,64374,20.192141
1,2,3.19461167667923,1,BiP_adp_degradation,10.5938833407748,3309,573.352739,2,2,3.17777581162725,1,BiP_adp_degradation,10.6352262827951,3309,578.763464,3,2,3.50175588138404,1,BiP_adp_degradation,10.6490460034586,3309,580.582109,4,2,3.45933166676,1,BiP_adp_degradation,10.7767787525283,3309,597.63155,5,2,3.51117780458006,1,BiP_adp_degradation,10.9270247956571,3309,618.251515,6,2,3.410856570237,1,BiP_adp_degradation,10.727227943094,3309,590.965877
1,2,3.19461167667923,1,ASNA1_formation,-1,439,,2,2,3.17777581162725,1,ASNA1_formation,-1,439,,3,2,3.50175588138404,1,ASNA1_formation,-1,439,,4,2,3.45933166676,1,ASNA1_formation,-1,439,,5,2,3.51117780458006,1,ASNA1_formation,-1,439,,6,2,3.410856570237,1,ASNA1_formation,-1,439,
1,2,3.19461167667923,1,ASNA1_atp,-1,439,,2,2,3.17777581162725,1,ASNA1_atp,-1,439,,3,2,3.50175588138404,1,ASNA1_atp,-1,439,,4,2,3.45933166676,1,ASNA1_atp,-1,439,,5,2,3.51117780458006,1,ASNA1_atp,-1,439,,6,2,3.410856570237,1,ASNA1_atp,-1,439,
1,2,3.19461167667923,1,post_TRANSLOC_1,3.31988029006172,801,57.716252,2,2,3.17777581162725,1,post_TRANSLOC_1,3.18637019482636,801,54.581982,3,2,3.50175588138404,1,post_TRANSLOC_1,3.23697935359964,801,55.760239,4,2,3.45933166676,1,post_TRANSLOC_1,3.59260247030674,801,64.384721,5,2,3.51117780458006,1,post_TRANSLOC_1,3.80692452203157,801,69.886511,6,2,3.410856570237,1,post_TRANSLOC_1,3.62077423714144,801,65.094518
1,2,3.19461167667923,1,post_TRANSLOC_2,-1,439,,2,2,3.17777581162725,1,post_TRANSLOC_2,-1,439,,3,2,3.50175588138404,1,post_TRANSLOC_2,-1,439,,4,2,3.45933166676,1,post_TRANSLOC_2,-1,439,,5,2,3.51117780458006,1,post_TRANSLOC_2,-1,439,,6,2,3.410856570237,1,post_TRANSLOC_2,-1,439,
1,2,3.19461167667923,1,post_TRANSLOC_3A_1,-1,439,,2,2,3.17777581162725,1,post_TRANSLOC_3A_1,-1,439,,3,2,3.50175588138404,1,post_TRANSLOC_3A_1,-1,439,,4,2,3.45933166676,1,post_TRANSLOC_3A_1,-1,439,,5,2,3.51117780458006,1,post_TRANSLOC_3A_1,-1,439,,6,2,3.410856570237,1,post_TRANSLOC_3A_1,-1,439,
1,2,3.19461167667923,1,post_TRANSLOC_3A_2,-1,439,,2,2,3.17777581162725,1,post_TRANSLOC_3A_2,-1,439,,3,2,3.50175588138404,1,post_TRANSLOC_3A_2,-1,439,,4,2,3.45933166676,1,post_TRANSLOC_3A_2,-1,439,,5,2,3.51117780458006,1,post_TRANSLOC_3A_2,-1,439,,6,2,3.410856570237,1,post_TRANSLOC_3A_2,-1,439,
1,2,3.19461167667923,1,post_TRANSLOC_3B_1,-1,439,,2,2,3.17777581162725,1,post_TRANSLOC_3B_1,-1,439,,3,2,3.50175588138404,1,post_TRANSLOC_3B_1,-1,439,,4,2,3.45933166676,1,post_TRANSLOC_3B_1,-1,439,,5,2,3.51117780458006,1,post_TRANSLOC_3B_1,-1,439,,6,2,3.410856570237,1,post_TRANSLOC_3B_1,-1,439,
1,2,3.19461167667923,1,post_TRANSLOC_3B_2,-1,439,,2,2,3.17777581162725,1,post_TRANSLOC_3B_2,-1,439,,3,2,3.50175588138404,1,post_TRANSLOC_3B_2,-1,439,,4,2,3.45933166676,1,post_TRANSLOC_3B_2,-1,439,,5,2,3.51117780458006,1,post_TRANSLOC_3B_2,-1,439,,6,2,3.410856570237,1,post_TRANSLOC_3B_2,-1,439,
1,2,3.19461167667923,1,post_TRANSLOC_3B_3,-1,439,,2,2,3.17777581162725,1,post_TRANSLOC_3B_3,-1,439,,3,2,3.50175588138404,1,post_TRANSLOC_3B_3,-1,439,,4,2,3.45933166676,1,post_TRANSLOC_3B_3,-1,439,,5,2,3.51117780458006,1,post_TRANSLOC_3B_3,-1,439,,6,2,3.410856570237,1,post_TRANSLOC_3B_3,-1,439,
1,2,3.19461167667923,1,ASNA1_adp_degradation,-1,439,,2,2,3.17777581162725,1,ASNA1_adp_degradation,-1,439,,3,2,3.50175588138404,1,ASNA1_adp_degradation,-1,439,,4,2,3.45933166676,1,ASNA1_adp_degradation,-1,439,,5,2,3.51117780458006,1,ASNA1_adp_degradation,-1,439,,6,2,3.410856570237,1,ASNA1_adp_degradation,-1,439,
1,2,3.19461167667923,1,co_TRANSLOC_7,3.4966535066462,6745,31.301714,2,2,3.17777581162725,1,co_TRANSLOC_7,3.46316335751829,6745,30.886356,3,2,3.50175588138404,1,co_TRANSLOC_7,3.46332421670725,7095,30.500132,4,2,3.45933166676,1,co_TRANSLOC_7,3.34280996962101,8202,32.081546,5,2,3.51117780458006,1,co_TRANSLOC_7,3.24590434386522,8202,30.81853,6,2,3.410856570237,1,co_TRANSLOC_7,3.10001413562631,8202,28.962649
1,2,3.19461167667923,1,TRAP_degradation,3.4966535066462,6745,31.301714,2,2,3.17777581162725,1,TRAP_degradation,3.46316335751829,6745,30.886356,3,2,3.50175588138404,1,TRAP_degradation,3.56289816849213,6745,32.131546,4,2,3.45933166676,1,TRAP_degradation,3.55917297330948,6745,32.084589,5,2,3.51117780458006,1,TRAP_degradation,3.44700763913218,6745,30.686979,6,2,3.410856570237,1,TRAP_degradation,3.25935841724431,6745,28.417795
1,3,0.947946226171876,1,GPI_Transfer_A1,3.3465264041139,128869,58.681404,2,3,0.871072115731938,0,GPI_Transfer_A1,2.9807490056897,10026,8.277249,3,3,0.906578756035988,0,GPI_Transfer_A1,3.18618563219439,10026,9.050341,4,3,0.928756746713502,1,GPI_Transfer_A1,3.40176540341571,94005,36.963159,5,3,0.903499186856508,0,GPI_Transfer_A1,3.46632432035666,8733,78.335126,6,3,0.882955506846799,0,GPI_Transfer_A1,3.3875945414235,10026,9.839746
1,3,0.947946226171876,1,GPI_Transfer_A2,3.67976151456292,80055,7.440435,2,3,0.871072115731938,0,GPI_Transfer_A2,3.43798329097781,80055,6.766232,3,3,0.906578756035988,0,GPI_Transfer_A2,3.52776115689929,80055,7.012782,4,3,0.928756746713502,1,GPI_Transfer_A2,3.53148123823158,80055,7.023094,5,3,0.903499186856508,0,GPI_Transfer_A2,3.34120052892505,80055,6.505357,6,3,0.882955506846799,0,GPI_Transfer_A2,3.2651763162267,80055,6.303948
1,3,0.947946226171876,1,GPI_signal_degradation,-1,,,2,3,0.871072115731938,0,GPI_signal_degradation,-1,,,3,3,0.906578756035988,0,GPI_signal_degradation,-1,,,4,3,0.928756746713502,1,GPI_signal_degradation,-1,,,5,3,0.903499186856508,0,GPI_signal_degradation,-1,,,6,3,0.882955506846799,0,GPI_signal_degradation,-1,,
1,4,2.63376152545988,1,OST_complex,5.26752305091976,5707,146.270804,2,4,2.64927688068467,1,OST_complex,5.29855376136934,5707,147.66896,3,4,2.59741156647138,1,OST_complex,5.19482313294275,5707,143.028931,4,4,3.04603571903694,1,OST_complex,6.09207143807388,5707,186.536332,5,4,3.06863399667943,1,OST_complex,6.13726799335886,5707,188.941274,6,4,2.99153895455961,1,OST_complex,5.98307790911922,5707,180.825351
1,4,2.63376152545988,1,ERNG,5.26752305091976,5707,146.270804,2,4,2.64927688068467,1,ERNG,5.29855376136934,5707,147.66896,3,4,2.59741156647138,1,ERNG,5.19482313294275,5707,143.028931,4,4,3.04603571903694,1,ERNG,6.09207143807388,5707,186.536332,5,4,3.06863399667943,1,ERNG,6.13726799335886,5707,188.941274,6,4,2.99153895455961,1,ERNG,5.98307790911922,5707,180.825351
1,4,2.63376152545988,1,g3m8mpdol_L_to_canonical,-1,,,2,4,2.64927688068467,1,g3m8mpdol_L_to_canonical,-1,,,3,4,2.59741156647138,1,g3m8mpdol_L_to_canonical,-1,,,4,4,3.04603571903694,1,g3m8mpdol_L_to_canonical,-1,,,5,4,3.06863399667943,1,g3m8mpdol_L_to_canonical,-1,,,6,4,2.99153895455961,1,g3m8mpdol_L_to_canonical,-1,,
1,4,2.63376152545988,1,g3m8mpdol_U_to_canonical,-1,,,2,4,2.64927688068467,1,g3m8mpdol_U_to_canonical,-1,,,3,4,2.59741156647138,1,g3m8mpdol_U_to_canonical,-1,,,4,4,3.04603571903694,1,g3m8mpdol_U_to_canonical,-1,,,5,4,3.06863399667943,1,g3m8mpdol_U_to_canonical,-1,,,6,4,2.99153895455961,1,g3m8mpdol_U_to_canonical,-1,,
1,4,2.63376152545988,1,doldp_L_to_canonical,-1,,,2,4,2.64927688068467,1,doldp_L_to_canonical,-1,,,3,4,2.59741156647138,1,doldp_L_to_canonical,-1,,,4,4,3.04603571903694,1,doldp_L_to_canonical,-1,,,5,4,3.06863399667943,1,doldp_L_to_canonical,-1,,,6,4,2.99153895455961,1,doldp_L_to_canonical,-1,,
1,4,2.63376152545988,1,doldp_U_to_canonical,-1,,,2,4,2.64927688068467,1,doldp_U_to_canonical,-1,,,3,4,2.59741156647138,1,doldp_U_to_canonical,-1,,,4,4,3.04603571903694,1,doldp_U_to_canonical,-1,,,5,4,3.06863399667943,1,doldp_U_to_canonical,-1,,,6,4,2.99153895455961,1,doldp_U_to_canonical,-1,,
1,5,3.00465322759607,1,GTHOX_CtoR_transport,-1,,,2,5,2.95199626739476,1,GTHOX_CtoR_transport,-1,,,3,5,2.97000423759601,1,GTHOX_CtoR_transport,-1,,,4,5,2.60298890612103,1,GTHOX_CtoR_transport,-1,,,5,5,2.64518416222529,1,GTHOX_CtoR_transport,-1,,,6,5,2.57567811914179,1,GTHOX_CtoR_transport,-1,,
1,5,3.00465322759607,1,PDI_1,-1,,,2,5,2.95199626739476,1,PDI_1,-1,,,3,5,2.97000423759601,1,PDI_1,-1,,,4,5,2.60298890612103,1,PDI_1,-1,,,5,5,2.64518416222529,1,PDI_1,-1,,,6,5,2.57567811914179,1,PDI_1,-1,,
1,5,3.00465322759607,1,PDI_2,13.0776777771282,5034,992.627877,2,5,2.95199626739476,1,PDI_2,13.0296651218153,5034,982.393316,3,5,2.97000423759601,1,PDI_2,13.0521010485338,5034,987.163613,4,5,2.60298890612103,1,PDI_2,12.2043878104504,5034,821.002766,5,5,2.64518416222529,1,PDI_2,12.1955287516514,5034,819.410752,6,5,2.57567811914179,1,PDI_2,12.3622289922477,5034,849.845558
1,5,3.00465322759607,1,PDI_reoxidation_ERO1A,3.94031206668864,30001,46.052526,2,5,2.95199626739476,1,PDI_reoxidation_ERO1A,3.81210130267673,30001,43.914386,3,5,2.97000423759601,1,PDI_reoxidation_ERO1A,3.81623295182192,30001,43.982437,4,5,2.60298890612103,1,PDI_reoxidation_ERO1A,3.10290257583384,30001,33.028508,5,5,2.64518416222529,1,PDI_reoxidation_ERO1A,3.04671454468355,30001,32.230261,6,5,2.57567811914179,1,PDI_reoxidation_ERO1A,2.97478082733419,30001,31.221326
1,5,3.00465322759607,1,PDI_reoxidation_ERO1LB,4.01458274935566,56605,4.995578,2,5,2.95199626739476,1,PDI_reoxidation_ERO1LB,3.82220744727137,56605,4.653981,3,5,2.97000423759601,1,PDI_reoxidation_ERO1LB,3.92169566281632,56605,4.828999,4,5,2.60298890612103,1,PDI_reoxidation_ERO1LB,2.91363195656297,56605,3.206934,5,5,2.64518416222529,1,PDI_reoxidation_ERO1LB,3.27404583924205,56605,3.749701,6,5,2.57567811914179,1,PDI_reoxidation_ERO1LB,2.69273701441061,56605,2.893105
1,5,3.00465322759607,1,PDI_reoxidation_GSSG,13.0776777771282,5034,992.627877,2,5,2.95199626739476,1,PDI_reoxidation_GSSG,13.0296651218153,5034,982.393316,3,5,2.97000423759601,1,PDI_reoxidation_GSSG,13.0521010485338,5034,987.163613,4,5,2.60298890612103,1,PDI_reoxidation_GSSG,12.2043878104504,5034,821.002766,5,5,2.64518416222529,1,PDI_reoxidation_GSSG,12.1955287516514,5034,819.410752,6,5,2.57567811914179,1,PDI_reoxidation_GSSG,12.3622289922477,5034,849.845558
1,5,3.00465322759607,1,PDI_reoxidation_H2O2,13.0776777771282,5034,992.627877,2,5,2.95199626739476,1,PDI_reoxidation_H2O2,13.0296651218153,5034,982.393316,3,5,2.97000423759601,1,PDI_reoxidation_H2O2,13.0521010485338,5034,987.163613,4,5,2.60298890612103,1,PDI_reoxidation_H2O2,12.2043878104504,5034,821.002766,5,5,2.64518416222529,1,PDI_reoxidation_H2O2,12.1955287516514,5034,819.410752,6,5,2.57567811914179,1,PDI_reoxidation_H2O2,12.3622289922477,5034,849.845558
1,5,3.00465322759607,1,ERO1A_reoxidation_1,3.94031206668864,30001,46.052526,2,5,2.95199626739476,1,ERO1A_reoxidation_1,3.81210130267673,30001,43.914386,3,5,2.97000423759601,1,ERO1A_reoxidation_1,3.81623295182192,30001,43.982437,4,5,2.60298890612103,1,ERO1A_reoxidation_1,3.10290257583384,30001,33.028508,5,5,2.64518416222529,1,ERO1A_reoxidation_1,3.04671454468355,30001,32.230261,6,5,2.57567811914179,1,ERO1A_reoxidation_1,2.97478082733419,30001,31.221326
1,5,3.00465322759607,1,ERO1LB_reoxidation_1,4.01458274935566,56605,4.995578,2,5,2.95199626739476,1,ERO1LB_reoxidation_1,3.82220744727137,56605,4.653981,3,5,2.97000423759601,1,ERO1LB_reoxidation_1,3.92169566281632,56605,4.828999,4,5,2.60298890612103,1,ERO1LB_reoxidation_1,2.91363195656297,56605,3.206934,5,5,2.64518416222529,1,ERO1LB_reoxidation_1,3.27404583924205,56605,3.749701,6,5,2.57567811914179,1,ERO1LB_reoxidation_1,2.69273701441061,56605,2.893105
1,5,3.00465322759607,1,H2O2ter,-1,,,2,5,2.95199626739476,1,H2O2ter,-1,,,3,5,2.97000423759601,1,H2O2ter,-1,,,4,5,2.60298890612103,1,H2O2ter,-1,,,5,5,2.64518416222529,1,H2O2ter,-1,,,6,5,2.57567811914179,1,H2O2ter,-1,,
1,6,2.60066784482548,1,Glucosidase_1,3.57843479636756,7841,63.039699,2,6,2.59547648798198,1,Glucosidase_1,3.67951575613129,7841,65.558348,3,6,2.6176680457149,1,Glucosidase_1,3.65496058693633,7841,64.941813,4,6,2.24954138063939,1,Glucosidase_1,3.27897045082878,7841,55.869925,5,6,2.2393606143922,1,Glucosidase_1,3.22139887929688,7841,54.540083,6,6,2.260521559178,1,Glucosidase_1,3.36118849952208,7841,57.79582
1,6,2.60066784482548,1,Glucosidase_2,10.1634197028435,23193,519.595973,2,6,2.59547648798198,1,Glucosidase_2,10.1737183458105,23193,520.82878,3,6,2.6176680457149,1,Glucosidase_2,10.2317678121851,23193,527.825331,4,6,2.24954138063939,1,Glucosidase_2,10.2882082538094,23193,534.706279,5,6,2.2393606143922,1,Glucosidase_2,10.2856245510285,23193,534.389587,6,6,2.260521559178,1,Glucosidase_2,10.2635765301048,23193,531.693743
1,6,2.60066784482548,1,Glucosidase_3,10.1634197028435,23193,519.595973,2,6,2.59547648798198,1,Glucosidase_3,10.1737183458105,23193,520.82878,3,6,2.6176680457149,1,Glucosidase_3,10.2317678121851,23193,527.825331,4,6,2.24954138063939,1,Glucosidase_3,10.2882082538094,23193,534.706279,5,6,2.2393606143922,1,Glucosidase_3,10.2856245510285,23193,534.389587,6,6,2.260521559178,1,Glucosidase_3,10.2635765301048,23193,531.693743
1,6,2.60066784482548,1,Mannosidase_1B,3.67568169177824,10905,21.997304,2,6,2.59547648798198,1,Mannosidase_1B,3.51933835331063,10905,20.696428,3,6,2.6176680457149,1,Mannosidase_1B,3.6440266958694,10905,21.73062,4,6,2.24954138063939,1,Mannosidase_1B,3.49912356222508,11253,67.327779,5,6,2.2393606143922,1,Mannosidase_1B,3.42761988730921,11253,65.42845,6,6,2.260521559178,1,Mannosidase_1B,3.63375343483438,11253,70.978469
1,7,4.66891153261512,1,CALR_Ca2,14.9436092809176,811,1477.074889,2,7,4.65949908295572,1,CALR_Ca2,14.9165563260522,811,1468.682027,3,7,4.66570522070081,1,CALR_Ca2,14.9381839805813,811,1475.388111,4,7,4.71496749323595,1,CALR_Ca2,15.0908875042193,811,1523.571381,5,7,4.69571489430637,1,CALR_Ca2,15.0258318279712,811,1502.864004,6,7,4.60735500612659,1,CALR_Ca2,14.9280440014531,811,1472.240397
1,7,4.66891153261512,1,CALR_CANX_folding,11.0529388295984,821,636.015796,2,7,4.65949908295572,1,CALR_CANX_folding,11.0075249065293,821,629.557044,3,7,4.66570522070081,1,CALR_CANX_folding,11.0569333348901,821,636.586705,4,7,4.71496749323595,1,CALR_CANX_folding,10.8020902330942,821,601.062076,5,7,4.69571489430637,1,CALR_CANX_folding,10.7194793304654,821,589.929478,6,7,4.60735500612659,1,CALR_CANX_folding,10.3604133004936,821,543.623179
1,7,4.66891153261512,1,CALR_CANX_release,11.0529388295984,821,636.015796,2,7,4.65949908295572,1,CALR_CANX_release,11.0075249065293,821,629.557044,3,7,4.66570522070081,1,CALR_CANX_release,11.0569333348901,821,636.586705,4,7,4.71496749323595,1,CALR_CANX_release,10.8020902330942,821,601.062076,5,7,4.69571489430637,1,CALR_CANX_release,10.7194793304654,821,589.929478,6,7,4.60735500612659,1,CALR_CANX_release,10.3604133004936,821,543.623179
1,7,4.66891153261512,1,Glucosidase_3_misfolded,10.1634197028435,23193,519.595973,2,7,4.65949908295572,1,Glucosidase_3_misfolded,10.1737183458105,23193,520.82878,3,7,4.66570522070081,1,Glucosidase_3_misfolded,10.2317678121851,23193,527.825331,4,7,4.71496749323595,1,Glucosidase_3_misfolded,10.2882082538094,23193,534.706279,5,7,4.69571489430637,1,Glucosidase_3_misfolded,10.2856245510285,23193,534.389587,6,7,4.60735500612659,1,Glucosidase_3_misfolded,10.2635765301048,23193,531.693743
1,7,4.66891153261512,1,UGGT_Refolding_1,3.29802605017536,56886,37.089515,2,7,4.65949908295572,1,UGGT_Refolding_1,3.30117289950507,56886,37.137865,3,7,4.66570522070081,1,UGGT_Refolding_1,3.25422995870594,56886,36.419756,4,7,4.71496749323595,1,UGGT_Refolding_1,3.68239196406836,56886,43.226124,5,7,4.69571489430637,1,UGGT_Refolding_1,3.69615158469843,56886,43.45467,6,7,4.60735500612659,1,UGGT_Refolding_1,3.54183556423779,56886,40.927171
1,7,4.66891153261512,1,UGGT_Refolding_2,3.29802605017536,56886,37.089515,2,7,4.65949908295572,1,UGGT_Refolding_2,3.30117289950507,56886,37.137865,3,7,4.66570522070081,1,UGGT_Refolding_2,3.25422995870594,56886,36.419756,4,7,4.71496749323595,1,UGGT_Refolding_2,3.68239196406836,56886,43.226124,5,7,4.69571489430637,1,UGGT_Refolding_2,3.69615158469843,56886,43.45467,6,7,4.60735500612659,1,UGGT_Refolding_2,3.54183556423779,56886,40.927171
1,7,4.66891153261512,1,CALR_Ca2_degradation,14.9436092809176,811,1477.074889,2,7,4.65949908295572,1,CALR_Ca2_degradation,14.9165563260522,811,1468.682027,3,7,4.66570522070081,1,CALR_Ca2_degradation,14.9381839805813,811,1475.388111,4,7,4.71496749323595,1,CALR_Ca2_degradation,15.0908875042193,811,1523.571381,5,7,4.69571489430637,1,CALR_Ca2_degradation,15.0258318279712,811,1502.864004,6,7,4.60735500612659,1,CALR_Ca2_degradation,14.9280440014531,811,1472.240397
1,7,4.66891153261512,1,CAATPaser,-1,,,2,7,4.65949908295572,1,CAATPaser,-1,,,3,7,4.66570522070081,1,CAATPaser,-1,,,4,7,4.71496749323595,1,CAATPaser,-1,,,5,7,4.69571489430637,1,CAATPaser,-1,,,6,7,4.60735500612659,1,CAATPaser,-1,,
1,8,2.29594985104394,1,Mannosidase_1C,3.42765105522009,11253,65.429272,2,8,2.29967260716396,1,Mannosidase_1C,3.33772080211213,11253,63.078711,3,8,2.31318754044288,1,Mannosidase_1C,3.46366516463387,11253,66.382514,4,8,2.76040324591788,1,Mannosidase_1C,3.43484777427444,80267,36.461845,5,8,2.76951087524583,1,Mannosidase_1C,3.3321431734937,80267,34.96996,6,8,2.741985075983,1,Mannosidase_1C,3.27242679645523,55741,53.188622
1,8,2.29594985104394,1,Mannosidase_1B_misfold,3.42765105522009,11253,65.429272,2,8,2.29967260716396,1,Mannosidase_1B_misfold,3.33772080211213,11253,63.078711,3,8,2.31318754044288,1,Mannosidase_1B_misfold,3.46366516463387,11253,66.382514,4,8,2.76040324591788,1,Mannosidase_1B_misfold,3.49912356222508,11253,67.327779,5,8,2.76951087524583,1,Mannosidase_1B_misfold,3.42761988730921,11253,65.42845,6,8,2.741985075983,1,Mannosidase_1B_misfold,3.63375343483438,11253,70.978469
1,8,2.29594985104394,1,Mannosidase_1A_misfold,3.42765105522009,11253,65.429272,2,8,2.29967260716396,1,Mannosidase_1A_misfold,3.33772080211213,11253,63.078711,3,8,2.31318754044288,1,Mannosidase_1A_misfold,3.46366516463387,11253,66.382514,4,8,2.76040324591788,1,Mannosidase_1A_misfold,3.49912356222508,11253,67.327779,5,8,2.76951087524583,1,Mannosidase_1A_misfold,3.42761988730921,11253,65.42845,6,8,2.741985075983,1,Mannosidase_1A_misfold,3.63375343483438,11253,70.978469
1,8,2.29594985104394,1,Mannosidase_1D_misfold,3.42765105522009,11253,65.429272,2,8,2.29967260716396,1,Mannosidase_1D_misfold,3.33772080211213,11253,63.078711,3,8,2.31318754044288,1,Mannosidase_1D_misfold,3.46366516463387,11253,66.382514,4,8,2.76040324591788,1,Mannosidase_1D_misfold,3.49912356222508,11253,67.327779,5,8,2.76951087524583,1,Mannosidase_1D_misfold,3.42761988730921,11253,65.42845,6,8,2.741985075983,1,Mannosidase_1D_misfold,3.63375343483438,11253,70.978469
1,8,2.29594985104394,1,OS9_recognition,7.34342013149062,10956,261.853067,2,8,2.29967260716396,1,OS9_recognition,7.3504376836196,10956,262.330834,3,8,2.31318754044288,1,OS9_recognition,7.41529952528136,10956,266.778626,4,8,2.76040324591788,1,OS9_recognition,6.50548482499128,10956,209.365889,5,8,2.76951087524583,1,OS9_recognition,6.47729964349892,10956,207.748774,6,8,2.741985075983,1,OS9_recognition,6.47543229213148,10956,207.641957
1,8,2.29594985104394,1,OS9_binding_SEL1,3.5554350276646,6400,30.429508,2,8,2.29967260716396,1,OS9_binding_SEL1,3.57712603881944,6400,30.689478,3,8,2.31318754044288,1,OS9_binding_SEL1,3.54819835540911,6400,30.343026,4,8,2.76040324591788,1,OS9_binding_SEL1,3.43775020197396,6400,29.038529,5,8,2.76951087524583,1,OS9_binding_SEL1,3.39587056226264,6400,28.551377,6,8,2.741985075983,1,OS9_binding_SEL1,3.27306291813954,6400,27.146157
1,8,2.29594985104394,1,OS9_transfer_SYVN1,3.5554350276646,6400,30.429508,2,8,2.29967260716396,1,OS9_transfer_SYVN1,3.57712603881944,6400,30.689478,3,8,2.31318754044288,1,OS9_transfer_SYVN1,3.54819835540911,6400,30.343026,4,8,2.76040324591788,1,OS9_transfer_SYVN1,3.13535043330356,84447,34.242014,5,8,2.76951087524583,1,OS9_transfer_SYVN1,3.12963429766771,84447,34.158029,6,8,2.741985075983,1,OS9_transfer_SYVN1,3.26571017941252,84447,36.183636
1,8,2.29594985104394,1,BiP_atp_formation,10.5938833407748,3309,573.352739,2,8,2.29967260716396,1,BiP_atp_formation,10.6352262827951,3309,578.763464,3,8,2.31318754044288,1,BiP_atp_formation,10.6490460034586,3309,580.582109,4,8,2.76040324591788,1,BiP_atp_formation,10.7767787525283,3309,597.63155,5,8,2.76951087524583,1,BiP_atp_formation,10.9270247956571,3309,618.251515,6,8,2.741985075983,1,BiP_atp_formation,10.727227943094,3309,590.965877
1,8,2.29594985104394,1,BiP_ATPase,10.5938833407748,3309,573.352739,2,8,2.29967260716396,1,BiP_ATPase,10.6352262827951,3309,578.763464,3,8,2.31318754044288,1,BiP_ATPase,10.6490460034586,3309,580.582109,4,8,2.76040324591788,1,BiP_ATPase,10.7767787525283,3309,597.63155,5,8,2.76951087524583,1,BiP_ATPase,10.9270247956571,3309,618.251515,6,8,2.741985075983,1,BiP_ATPase,10.727227943094,3309,590.965877
1,8,2.29594985104394,1,BiP_NEF,3.6081042314265,64374,24.014476,2,8,2.29967260716396,1,BiP_NEF,3.65267928758192,64374,24.432825,3,8,2.31318754044288,1,BiP_NEF,3.70656364757798,64374,24.943549,4,8,2.76040324591788,1,BiP_NEF,3.14919866842879,64374,19.917577,5,8,2.76951087524583,1,BiP_NEF,3.46733440684023,64374,22.717536,6,8,2.741985075983,1,BiP_NEF,3.18130561187376,64374,20.192141
1,8,2.29594985104394,1,BiP_adp_degradation,10.5938833407748,3309,573.352739,2,8,2.29967260716396,1,BiP_adp_degradation,10.6352262827951,3309,578.763464,3,8,2.31318754044288,1,BiP_adp_degradation,10.6490460034586,3309,580.582109,4,8,2.76040324591788,1,BiP_adp_degradation,10.7767787525283,3309,597.63155,5,8,2.76951087524583,1,BiP_adp_degradation,10.9270247956571,3309,618.251515,6,8,2.741985075983,1,BiP_adp_degradation,10.727227943094,3309,590.965877
1,9,3.66736029811059,1,Ubiquitination_lumped,3.66736029811059,10277,81.218279,2,9,3.57308289915868,1,Ubiquitination_lumped,3.57308289915868,10277,78.299512,3,9,3.62004613039301,1,Ubiquitination_lumped,3.62004613039301,10277,79.746584,4,9,3.26474652747288,0,Ubiquitination_lumped,3.26474652747288,10277,69.128998,5,9,3.42655466584519,0,Ubiquitination_lumped,3.42655466584519,10277,73.870935,6,9,3.22510000108724,0,Ubiquitination_lumped,3.22510000108724,10277,67.990339
1,9,3.66736029811059,1,retro_TRANSLOC_1,-1,91319,,2,9,3.57308289915868,1,retro_TRANSLOC_1,-1,91319,,3,9,3.62004613039301,1,retro_TRANSLOC_1,-1,91319,,4,9,3.26474652747288,0,retro_TRANSLOC_1,-1,91319,,5,9,3.42655466584519,0,retro_TRANSLOC_1,-1,91319,,6,9,3.22510000108724,0,retro_TRANSLOC_1,-1,91319,
1,9,3.66736029811059,1,retro_TRANSLOC_2,-1,91319,,2,9,3.57308289915868,1,retro_TRANSLOC_2,-1,91319,,3,9,3.62004613039301,1,retro_TRANSLOC_2,-1,91319,,4,9,3.26474652747288,0,retro_TRANSLOC_2,-1,91319,,5,9,3.42655466584519,0,retro_TRANSLOC_2,-1,91319,,6,9,3.22510000108724,0,retro_TRANSLOC_2,-1,91319,
1,10,1.42428182010115,0,Proteasome_complex,3.09115453107253,5716,30.478861,2,10,1.3954517708679,0,Proteasome_complex,3.04067459319147,389362,11.036113,3,10,1.38789880165956,0,Proteasome_complex,2.98128289048824,8624,47.813084,4,10,1.5408977001977,0,Proteasome_complex,3.39066440242771,5715,29.091998,5,10,1.51188377953596,0,Proteasome_complex,3.18535114982846,389362,11.747205,6,10,1.51130376976372,0,Proteasome_complex,3.38350700647572,389362,12.75515
1,10,1.42428182010115,0,Ubiquitination_deglycosylation,3.37876138210019,55768,40.615151,2,10,1.3954517708679,0,Ubiquitination_deglycosylation,3.30130113857801,55768,39.344122,3,10,1.38789880165956,0,Ubiquitination_deglycosylation,3.31563303877207,55768,39.577809,4,10,1.5408977001977,0,Ubiquitination_deglycosylation,3.62059249897001,55768,44.71241,5,10,1.51188377953596,0,Ubiquitination_deglycosylation,3.65852175577251,55768,45.373201,6,10,1.51130376976372,0,Ubiquitination_deglycosylation,3.50758482419807,55768,42.773084
1,10,1.42428182010115,0,Ubiquitination_removal,3.09115453107253,5716,30.478861,2,10,1.3954517708679,0,Ubiquitination_removal,3.04067459319147,389362,11.036113,3,10,1.38789880165956,0,Ubiquitination_removal,2.98128289048824,8624,47.813084,4,10,1.5408977001977,0,Ubiquitination_removal,3.39066440242771,5715,29.091998,5,10,1.51188377953596,0,Ubiquitination_removal,3.18535114982846,389362,11.747205,6,10,1.51130376976372,0,Ubiquitination_removal,3.38350700647572,389362,12.75515
1,10,1.42428182010115,0,Ubiquitination_degradation,3.09115453107253,5716,30.478861,2,10,1.3954517708679,0,Ubiquitination_degradation,3.04067459319147,389362,11.036113,3,10,1.38789880165956,0,Ubiquitination_degradation,2.98128289048824,8624,47.813084,4,10,1.5408977001977,0,Ubiquitination_degradation,3.39066440242771,5715,29.091998,5,10,1.51188377953596,0,Ubiquitination_degradation,3.18535114982846,389362,11.747205,6,10,1.51130376976372,0,Ubiquitination_degradation,3.38350700647572,389362,12.75515
1,10,1.42428182010115,0,Proteasome_degradation,-1,,,2,10,1.3954517708679,0,Proteasome_degradation,-1,,,3,10,1.38789880165956,0,Proteasome_degradation,-1,,,4,10,1.5408977001977,0,Proteasome_degradation,-1,,,5,10,1.51188377953596,0,Proteasome_degradation,-1,,,6,10,1.51130376976372,0,Proteasome_degradation,-1,,
1,10,1.42428182010115,0,PROTA_formation,-1,143471,,2,10,1.3954517708679,0,PROTA_formation,-1,143471,,3,10,1.38789880165956,0,PROTA_formation,-1,143471,,4,10,1.5408977001977,0,PROTA_formation,-1,143471,,5,10,1.51188377953596,0,PROTA_formation,-1,143471,,6,10,1.51130376976372,0,PROTA_formation,-1,143471,
1,10,1.42428182010115,0,PROTB_formation,-1,5698,,2,10,1.3954517708679,0,PROTB_formation,-1,5698,,3,10,1.38789880165956,0,PROTB_formation,-1,5698,,4,10,1.5408977001977,0,PROTB_formation,-1,5698,,5,10,1.51188377953596,0,PROTB_formation,-1,5698,,6,10,1.51130376976372,0,PROTB_formation,-1,5698,
1,11,1.84515510763721,0,GOLGI_MGAT4B,7.09956604578237,11282,245.660775,2,11,1.67889810342002,0,GOLGI_MGAT4B,6.94973883360733,11282,236.096659,3,11,1.7962721055676,0,GOLGI_MGAT4B,6.90833021312543,11282,233.503527,4,11,1.5331788632827,0,GOLGI_MGAT4B,5.42254904878573,11282,153.343259,5,11,1.45718138018922,0,GOLGI_MGAT4B,5.43751095266989,11282,154.037512,6,11,1.56628801027621,0,GOLGI_MGAT4B,5.69528454582691,11282,166.330629
1,11,1.84515510763721,0,GOLGI_MGAT5,3.21274920982763,4249,28.446109,2,11,1.67889810342002,0,GOLGI_MGAT5,3.20962782433358,4249,28.40866,3,11,1.7962721055676,0,GOLGI_MGAT5,3.18364724694015,4249,28.097862,4,11,1.5331788632827,0,GOLGI_MGAT5,3.71857619144317,4249,34.83438,5,11,1.45718138018922,0,GOLGI_MGAT5,3.75262188838287,4249,35.288014,6,11,1.56628801027621,0,GOLGI_MGAT5,3.67721302669956,4249,34.287386
1,11,1.84515510763721,0,GOLGI_MGAT1,3.95496705946107,4245,94.417538,2,11,1.67889810342002,0,GOLGI_MGAT1,3.93271399410043,4245,93.650473,3,11,1.7962721055676,0,GOLGI_MGAT1,3.79235511847199,4245,88.890177,4,11,1.5331788632827,0,GOLGI_MGAT1,3.43138268029538,4245,77.244208,5,11,1.45718138018922,0,GOLGI_MGAT1,3.55087293437904,4245,81.006588,6,11,1.56628801027621,0,GOLGI_MGAT1,3.83802316710303,4245,90.424375
1,11,1.84515510763721,0,GOLGI_MGAT2,3.34466318076397,4247,28.021294,2,11,1.67889810342002,0,GOLGI_MGAT2,3.42242255898329,4247,28.921744,3,11,1.7962721055676,0,GOLGI_MGAT2,3.47673162437769,4247,29.558998,4,11,1.5331788632827,0,GOLGI_MGAT2,3.48634646714823,4247,29.67254,5,11,1.45718138018922,0,GOLGI_MGAT2,3.53039532509748,4247,30.195515,6,11,1.56628801027621,0,GOLGI_MGAT2,3.53130870183562,4247,30.206408
1,11,1.84515510763721,0,GOLGI_MGAT3,0.0770757770823518,4248,0.044842,2,11,1.67889810342002,0,GOLGI_MGAT3,0.106556136928656,4248,0.062177,3,11,1.7962721055676,0,GOLGI_MGAT3,0.192241918027564,4248,0.113146,4,11,1.5331788632827,0,GOLGI_MGAT3,0.103414856945387,4248,0.060325,5,11,1.45718138018922,0,GOLGI_MGAT3,0.110783232854603,4248,0.064671,6,11,1.56628801027621,0,GOLGI_MGAT3,0.0979043709034623,4248,0.057079
1,11,1.84515510763721,0,GOLGI_MGAT4C,2.22642000936459,25834,1.619186,2,11,1.67889810342002,0,GOLGI_MGAT4C,1.26285894654345,25834,0.82941,3,11,1.7962721055676,0,GOLGI_MGAT4C,2.00097957293422,25834,1.420541,4,11,1.5331788632827,0,GOLGI_MGAT4C,1.11793855738723,25834,0.723251,5,11,1.45718138018922,0,GOLGI_MGAT4C,0.551996114443353,25834,0.336934,6,11,1.56628801027621,0,GOLGI_MGAT4C,0.977861155472987,25834,0.623523
1,12,1.1985283346954,1,GOLGI_FUT8_EPO,3.5955850040862,2530,18.956893,2,12,1.18246423891847,1,GOLGI_FUT8_EPO,3.54739271675541,2530,18.602308,3,12,1.17460165936222,1,GOLGI_FUT8_EPO,3.52380497808666,2530,18.429998,4,12,1.15115162192067,0,GOLGI_FUT8_EPO,3.45345486576202,2530,17.920887,5,12,1.14033049724498,0,GOLGI_FUT8_EPO,3.42099149173493,2530,17.68836,6,12,1.08182707132986,0,GOLGI_FUT8_EPO,3.24548121398958,2530,16.457038
1,12,1.1985283346954,1,GOLGI_FUT8,3.5955850040862,2530,18.956893,2,12,1.18246423891847,1,GOLGI_FUT8,3.54739271675541,2530,18.602308,3,12,1.17460165936222,1,GOLGI_FUT8,3.52380497808666,2530,18.429998,4,12,1.15115162192067,0,GOLGI_FUT8,3.45345486576202,2530,17.920887,5,12,1.14033049724498,0,GOLGI_FUT8,3.42099149173493,2530,17.68836,6,12,1.08182707132986,0,GOLGI_FUT8,3.24548121398958,2530,16.457038
1,13,0.975214633951529,0,GOLGI_GAL_EPO,2.60460973825831,8708,1.973214,2,13,0.761184306525902,0,GOLGI_GAL_EPO,1.96108910470886,8708,1.386315,3,13,0.818833855026483,0,GOLGI_GAL_EPO,2.14281920837987,8708,1.544475,4,13,0.863676425222692,0,GOLGI_GAL_EPO,2.28108507061549,8708,1.668718,5,13,1.57318427051744,0,GOLGI_GAL_EPO,2.31438003740183,8708,1.699153,6,13,0.653840409119244,0,GOLGI_GAL_EPO,1.64637805381607,8708,1.125658
1,13,0.975214633951529,0,GOLGI_B4GALT_1,3.69189288135723,2683,57.499819,2,13,0.761184306525902,0,GOLGI_B4GALT_1,3.70833387099169,2683,57.862542,3,13,0.818833855026483,0,GOLGI_B4GALT_1,3.60734710204522,2683,55.653281,4,13,0.863676425222692,0,GOLGI_B4GALT_1,3.71933046063104,8704,57.067512,5,13,1.57318427051744,0,GOLGI_B4GALT_1,3.60775916122572,8704,54.667566,6,13,0.653840409119244,0,GOLGI_B4GALT_1,3.78171808249992,8704,58.433026
1,13,0.975214633951529,0,GOLGI_B4GALT_2,3.69189288135723,2683,57.499819,2,13,0.761184306525902,0,GOLGI_B4GALT_2,3.70833387099169,2683,57.862542,3,13,0.818833855026483,0,GOLGI_B4GALT_2,3.60734710204522,2683,55.653281,4,13,0.863676425222692,0,GOLGI_B4GALT_2,3.71933046063104,8704,57.067512,5,13,1.57318427051744,0,GOLGI_B4GALT_2,3.60775916122572,8704,54.667566,6,13,0.653840409119244,0,GOLGI_B4GALT_2,3.78171808249992,8704,58.433026
1,14,1.42586937747021,1,GOLGI_NEUAC_EPO,3.48876946131678,6487,13.316971,2,14,1.42856909563228,1,GOLGI_NEUAC_EPO,3.41854342463863,6487,12.947206,3,14,1.41560047323641,1,GOLGI_NEUAC_EPO,3.47289964439293,6487,13.232956,4,14,1.42501826918206,1,GOLGI_NEUAC_EPO,3.43730185444021,6487,13.045468,5,14,1.43942595263912,1,GOLGI_NEUAC_EPO,3.55722275864144,6487,13.682435,6,14,1.41249860108872,1,GOLGI_NEUAC_EPO,3.41825040461646,6487,12.945674
1,14,1.42586937747021,1,GOLGI_ST6GAL_1,4.67202746795756,6480,121.054077,2,14,1.42856909563228,1,GOLGI_ST6GAL_1,4.71928921802593,6480,122.947534,3,14,1.41560047323641,1,GOLGI_ST6GAL_1,4.63375230736739,6480,119.533714,4,14,1.42501826918206,1,GOLGI_ST6GAL_1,4.69393128409918,6480,121.929389,5,14,1.43942595263912,1,GOLGI_ST6GAL_1,4.6988054075553,6480,122.124689,6,14,1.41249860108872,1,GOLGI_ST6GAL_1,4.64711850259102,6480,120.063323
1,14,1.42586937747021,1,GOLGI_ST6GAL_2,4.67202746795756,6480,121.054077,2,14,1.42856909563228,1,GOLGI_ST6GAL_2,4.71928921802593,6480,122.947534,3,14,1.41560047323641,1,GOLGI_ST6GAL_2,4.63375230736739,6480,119.533714,4,14,1.42501826918206,1,GOLGI_ST6GAL_2,4.69393128409918,6480,121.929389,5,14,1.43942595263912,1,GOLGI_ST6GAL_2,4.6988054075553,6480,122.124689,6,14,1.41249860108872,1,GOLGI_ST6GAL_2,4.64711850259102,6480,120.063323
1,15,1.19849081385337,1,GOLGI_MAN1A,8.47616682579293,4121,348.346158,2,15,1.2120369774548,1,GOLGI_MAN1A,8.40457516898812,4121,342.280586,3,15,1.21030298486366,1,GOLGI_MAN1A,8.43977344466118,4121,345.251892,4,15,1.25723354932358,1,GOLGI_MAN1A,7.70807642821156,4121,287.589152,5,15,1.51719977780229,1,GOLGI_MAN1A,7.4942344550774,4121,272.269872,6,15,1.25055655520519,1,GOLGI_MAN1A,7.16984408193133,4121,250.246628
1,15,1.19849081385337,1,GOLGI_MAN1B,3.67568169177824,10905,21.997304,2,15,1.2120369774548,1,GOLGI_MAN1B,3.51933835331063,10905,20.696428,3,15,1.21030298486366,1,GOLGI_MAN1B,3.6440266958694,10905,21.73062,4,15,1.25723354932358,1,GOLGI_MAN1B,3.21738150356462,10905,18.296236,5,15,1.51719977780229,1,GOLGI_MAN1B,3.42335139179282,10905,19.917676,6,15,1.25055655520519,1,GOLGI_MAN1B,3.29761930913779,10905,18.919956
1,15,1.19849081385337,1,GOLGI_MAN1C,0.57800384039022,57134,0.353745,2,15,1.2120369774548,1,GOLGI_MAN1C,0.662579623596789,57134,0.409022,3,15,1.21030298486366,1,GOLGI_MAN1C,0.448744890502946,57134,0.27105,4,15,1.25723354932358,1,GOLGI_MAN1C,0.513352048675129,57134,0.312116,5,15,1.51719977780229,1,GOLGI_MAN1C,0.612007858082958,57134,0.375857,6,15,1.25055655520519,1,GOLGI_MAN1C,0.258419515939816,57134,0.153113
1,15,1.19849081385337,1,GOLGI_MAN2,3.35650478902434,4122,29.95787,2,15,1.2120369774548,1,GOLGI_MAN2,3.47932903830157,4122,31.481571,3,15,1.21030298486366,1,GOLGI_MAN2,3.47707898588303,4122,31.45332,4,15,1.25723354932358,1,GOLGI_MAN2,3.52063800864827,4122,32.0025,5,15,1.51719977780229,1,GOLGI_MAN2,3.4233424167807,4122,30.782383,6,15,1.25055655520519,1,GOLGI_MAN2,3.53533786215541,4122,32.188914
1,15,1.19849081385337,1,GOLGI_MAN3,3.35650478902434,4122,29.95787,2,15,1.2120369774548,1,GOLGI_MAN3,3.47932903830157,4122,31.481571,3,15,1.21030298486366,1,GOLGI_MAN3,3.47707898588303,4122,31.45332,4,15,1.25723354932358,1,GOLGI_MAN3,3.52063800864827,4122,32.0025,5,15,1.51719977780229,1,GOLGI_MAN3,3.4233424167807,4122,30.782383,6,15,1.25055655520519,1,GOLGI_MAN3,3.53533786215541,4122,32.188914
1,16,1.91991535153656,1,GOLGI_O_Gal,4.48329004901822,11227,19.039873,2,16,1.86055667927756,1,GOLGI_O_Gal,4.50582287674463,11227,19.185123,3,16,1.86843892913689,1,GOLGI_O_Gal,4.39063310062849,11227,18.449425,4,16,2.14157134429772,0,GOLGI_O_Gal,3.91546853019765,2589,93.058364,5,16,1.54442814130588,0,GOLGI_O_Gal,3.83006729411002,2589,90.156092,6,16,1.46082830003988,0,GOLGI_O_Gal,3.70658698855674,114805,7.329242
1,16,1.91991535153656,1,GOLGI_O_Core1,3.51810103010057,29071,24.559673,2,16,1.86055667927756,1,GOLGI_O_Core1,3.32875859946037,29071,22.753197,3,16,1.86843892913689,1,GOLGI_O_Core1,3.41000023709642,29071,23.519935,4,16,2.14157134429772,0,GOLGI_O_Core1,3.51040115555172,29071,24.484868,5,16,1.54442814130588,0,GOLGI_O_Core1,3.44485030942648,56913,14.38037,6,16,1.46082830003988,0,GOLGI_O_Core1,3.31342965059107,56913,13.631131
1,16,1.91991535153656,1,GOLGI_O_Core2,3.51810103010057,29071,24.559673,2,16,1.86055667927756,1,GOLGI_O_Core2,3.32875859946037,29071,22.753197,3,16,1.86843892913689,1,GOLGI_O_Core2,3.41000023709642,29071,23.519935,4,16,2.14157134429772,0,GOLGI_O_Core2,2.86973583672788,9245,13.204849,5,16,1.54442814130588,0,GOLGI_O_Core2,2.98747686644814,9245,13.925341,6,16,1.46082830003988,0,GOLGI_O_Core2,2.61742974163722,9245,11.716879
1,17,1.60308372754391,1,ARF1_gdp_binding,7.92546029217748,375,303.848447,2,17,1.5781006367626,1,ARF1_gdp_binding,8.01708028845549,375,310.915794,3,17,1.58574704547537,1,ARF1_gdp_binding,7.94259851749575,375,305.160621,4,17,1.50792218855794,1,ARF1_gdp_binding,7.65238634647032,375,283.536299,5,17,1.5135650595291,1,ARF1_gdp_binding,7.70611471919412,375,287.44562,6,17,1.51531691213873,1,ARF1_gdp_binding,7.65281853369801,375,283.567578
1,17,1.60308372754391,1,ARF1_activation,3.43297260148765,8729,60.109683,2,17,1.5781006367626,1,ARF1_activation,3.47989873491342,8729,61.250782,3,17,1.58574704547537,1,ARF1_activation,3.48078465437598,8729,61.272428,4,17,1.50792218855794,1,ARF1_activation,3.47799126113521,8729,61.204189,5,17,1.5135650595291,1,ARF1_activation,3.46784067621533,8729,60.956544,6,17,1.51531691213873,1,ARF1_activation,3.45475009790851,8729,60.637913
1,17,1.60308372754391,1,ARF1_gdp_degradation,7.92546029217748,375,303.848447,2,17,1.5781006367626,1,ARF1_gdp_degradation,8.01708028845549,375,310.915794,3,17,1.58574704547537,1,ARF1_gdp_degradation,7.94259851749575,375,305.160621,4,17,1.50792218855794,1,ARF1_gdp_degradation,7.65238634647032,375,283.536299,5,17,1.5135650595291,1,ARF1_gdp_degradation,7.70611471919412,375,287.44562,6,17,1.51531691213873,1,ARF1_gdp_degradation,7.65281853369801,375,283.567578
1,17,1.60308372754391,1,GOLGI_TO_ENDOSOME_1,2.53009858151038,51560,1.901329,2,17,1.5781006367626,1,GOLGI_TO_ENDOSOME_1,2.2158246034176,51560,1.609648,3,17,1.58574704547537,1,GOLGI_TO_ENDOSOME_1,2.34227138272353,51560,1.724805,4,17,1.50792218855794,1,GOLGI_TO_ENDOSOME_1,1.84262660469643,51560,1.286269,5,17,1.5135650595291,1,GOLGI_TO_ENDOSOME_1,1.78601743410899,51560,1.239291,6,17,1.51531691213873,1,GOLGI_TO_ENDOSOME_1,1.86616642738837,51560,1.305961
1,17,1.60308372754391,1,GOLGI_TO_ENDOSOME_2,2.53009858151038,51560,1.901329,2,17,1.5781006367626,1,GOLGI_TO_ENDOSOME_2,2.2158246034176,51560,1.609648,3,17,1.58574704547537,1,GOLGI_TO_ENDOSOME_2,2.34227138272353,51560,1.724805,4,17,1.50792218855794,1,GOLGI_TO_ENDOSOME_2,1.84262660469643,51560,1.286269,5,17,1.5135650595291,1,GOLGI_TO_ENDOSOME_2,1.78601743410899,51560,1.239291,6,17,1.51531691213873,1,GOLGI_TO_ENDOSOME_2,1.86616642738837,51560,1.305961
1,17,1.60308372754391,1,GOLGI_TO_ENDOSOME_3,3.21998831527193,4905,24.413404,2,17,1.5781006367626,1,GOLGI_TO_ENDOSOME_3,3.04077126877016,4905,22.603079,3,17,1.58574704547537,1,GOLGI_TO_ENDOSOME_3,3.07529678224686,4905,22.946804,4,17,1.50792218855794,1,GOLGI_TO_ENDOSOME_3,3.77935626034072,4905,30.499718,5,17,1.5135650595291,1,GOLGI_TO_ENDOSOME_3,3.81215805984975,4905,30.878201,6,17,1.51531691213873,1,GOLGI_TO_ENDOSOME_3,3.79507364905683,4905,30.680763
1,17,1.60308372754391,1,RAB6B_gdp_binding,2.53009858151038,51560,1.901329,2,17,1.5781006367626,1,RAB6B_gdp_binding,2.2158246034176,51560,1.609648,3,17,1.58574704547537,1,RAB6B_gdp_binding,2.34227138272353,51560,1.724805,4,17,1.50792218855794,1,RAB6B_gdp_binding,1.84262660469643,51560,1.286269,5,17,1.5135650595291,1,RAB6B_gdp_binding,1.78601743410899,51560,1.239291,6,17,1.51531691213873,1,RAB6B_gdp_binding,1.86616642738837,51560,1.305961
1,17,1.60308372754391,1,RAB6B_activation,3.20692908551896,51399,30.409402,2,17,1.5781006367626,1,RAB6B_activation,3.16383695374849,7157,44.208218,3,17,1.58574704547537,1,RAB6B_activation,3.20015091822843,7157,44.895481,4,17,1.50792218855794,1,RAB6B_activation,2.53929675949167,79090,30.263195,5,17,1.5135650595291,1,RAB6B_activation,2.7148752374678,79090,32.979279,6,17,1.51531691213873,1,RAB6B_activation,2.74322853812041,79090,33.4269
1,17,1.60308372754391,1,RAB6B_gdp_degradation,2.53009858151038,51560,1.901329,2,17,1.5781006367626,1,RAB6B_gdp_degradation,2.2158246034176,51560,1.609648,3,17,1.58574704547537,1,RAB6B_gdp_degradation,2.34227138272353,51560,1.724805,4,17,1.50792218855794,1,RAB6B_gdp_degradation,1.84262660469643,51560,1.286269,5,17,1.5135650595291,1,RAB6B_gdp_degradation,1.78601743410899,51560,1.239291,6,17,1.51531691213873,1,RAB6B_gdp_degradation,1.86616642738837,51560,1.305961
1,17,1.60308372754391,1,NSF-dissociation,3.21998831527193,4905,24.413404,2,17,1.5781006367626,1,NSF-dissociation,3.04077126877016,4905,22.603079,3,17,1.58574704547537,1,NSF-dissociation,3.07529678224686,4905,22.946804,4,17,1.50792218855794,1,NSF-dissociation,3.77935626034072,4905,30.499718,5,17,1.5135650595291,1,NSF-dissociation,3.81215805984975,4905,30.878201,6,17,1.51531691213873,1,NSF-dissociation,3.79507364905683,4905,30.680763
1,18,2.29711595954722,1,ARF1_gdp_binding,7.92546029217748,375,303.848447,2,18,2.29350757251488,1,ARF1_gdp_binding,8.01708028845549,375,310.915794,3,18,2.28365509876219,1,ARF1_gdp_binding,7.94259851749575,375,305.160621,4,18,2.25522311148852,1,ARF1_gdp_binding,7.65238634647032,375,283.536299,5,18,2.25756282051453,1,ARF1_gdp_binding,7.70611471919412,375,287.44562,6,18,2.21627041627599,1,ARF1_gdp_binding,7.65281853369801,375,283.567578
1,18,2.29711595954722,1,ARF1_activation,3.43297260148765,8729,60.109683,2,18,2.29350757251488,1,ARF1_activation,3.47989873491342,8729,61.250782,3,18,2.28365509876219,1,ARF1_activation,3.48078465437598,8729,61.272428,4,18,2.25522311148852,1,ARF1_activation,3.47799126113521,8729,61.204189,5,18,2.25756282051453,1,ARF1_activation,3.46784067621533,8729,60.956544,6,18,2.21627041627599,1,ARF1_activation,3.45475009790851,8729,60.637913
1,18,2.29711595954722,1,ARF1_gdp_degradation,7.92546029217748,375,303.848447,2,18,2.29350757251488,1,ARF1_gdp_degradation,8.01708028845549,375,310.915794,3,18,2.28365509876219,1,ARF1_gdp_degradation,7.94259851749575,375,305.160621,4,18,2.25522311148852,1,ARF1_gdp_degradation,7.65238634647032,375,283.536299,5,18,2.25756282051453,1,ARF1_gdp_degradation,7.70611471919412,375,287.44562,6,18,2.21627041627599,1,ARF1_gdp_degradation,7.65281853369801,375,283.567578
1,18,2.29711595954722,1,RAB1A_gdp_binding,5.10268926325049,5861,138.987594,2,18,2.29350757251488,1,RAB1A_gdp_binding,5.10033693861402,5861,138.885384,3,18,2.28365509876219,1,RAB1A_gdp_binding,5.06080170347532,5861,137.174729,4,18,2.25522311148852,1,RAB1A_gdp_binding,4.70836390040207,5861,122.508239,5,18,2.25756282051453,1,RAB1A_gdp_binding,4.59010466695112,5861,117.81409,6,18,2.21627041627599,1,RAB1A_gdp_binding,4.53806605434644,5861,115.783401
1,18,2.29711595954722,1,RAB1A_activation,3.20692908551896,51399,30.409402,2,18,2.29350757251488,1,RAB1A_activation,3.16383695374849,7157,44.208218,3,18,2.28365509876219,1,RAB1A_activation,3.20015091822843,7157,44.895481,4,18,2.25522311148852,1,RAB1A_activation,2.53929675949167,79090,30.263195,5,18,2.25756282051453,1,RAB1A_activation,2.7148752374678,79090,32.979279,6,18,2.21627041627599,1,RAB1A_activation,2.74322853812041,79090,33.4269
1,18,2.29711595954722,1,RAB1A_gdp_degradation,5.10268926325049,5861,138.987594,2,18,2.29350757251488,1,RAB1A_gdp_degradation,5.10033693861402,5861,138.885384,3,18,2.28365509876219,1,RAB1A_gdp_degradation,5.06080170347532,5861,137.174729,4,18,2.25522311148852,1,RAB1A_gdp_degradation,4.70836390040207,5861,122.508239,5,18,2.25756282051453,1,RAB1A_gdp_degradation,4.59010466695112,5861,117.81409,6,18,2.21627041627599,1,RAB1A_gdp_degradation,4.53806605434644,5861,115.783401
1,18,2.29711595954722,1,COPI_recruit,1.12215718232502,51226,0.726298,2,18,2.29350757251488,1,COPI_recruit,1.23505845957395,51226,0.808806,3,18,2.28365509876219,1,COPI_recruit,0.948342105388559,51226,0.602861,4,18,2.25522311148852,1,COPI_recruit,1.25152884866407,51226,0.820999,5,18,2.25756282051453,1,COPI_recruit,1.32652477970127,51226,0.877029,6,18,2.21627041627599,1,COPI_recruit,0.900898289236831,51226,0.569907
1,18,2.29711595954722,1,COPI_maturation,-1,,,2,18,2.29350757251488,1,COPI_maturation,-1,,,3,18,2.28365509876219,1,COPI_maturation,-1,,,4,18,2.25522311148852,1,COPI_maturation,-1,,,5,18,2.25756282051453,1,COPI_maturation,-1,,,6,18,2.21627041627599,1,COPI_maturation,-1,,
1,18,2.29711595954722,1,COPI_fusion,3.24557445596798,9482,21.599398,2,18,2.29350757251488,1,COPI_fusion,3.0344985627524,53407,32.132485,3,18,2.28365509876219,1,COPI_fusion,3.31220810672783,53407,36.166213,4,18,2.25522311148852,1,COPI_fusion,3.35574308493609,65264,56.14261,5,18,2.25756282051453,1,COPI_fusion,3.30936559731089,9482,22.180215,6,18,2.21627041627599,1,COPI_fusion,3.43673712517773,65264,58.018022
1,18,2.29711595954722,1,COPI_recycling,3.21998831527193,4905,24.413404,2,18,2.29350757251488,1,COPI_recycling,3.04077126877016,4905,22.603079,3,18,2.28365509876219,1,COPI_recycling,3.07529678224686,4905,22.946804,4,18,2.25522311148852,1,COPI_recycling,3.77935626034072,4905,30.499718,5,18,2.25756282051453,1,COPI_recycling,3.81215805984975,4905,30.878201,6,18,2.21627041627599,1,COPI_recycling,3.79507364905683,4905,30.680763
1,18,2.29711595954722,1,NSF-dissociation,3.21998831527193,4905,24.413404,2,18,2.29350757251488,1,NSF-dissociation,3.04077126877016,4905,22.603079,3,18,2.28365509876219,1,NSF-dissociation,3.07529678224686,4905,22.946804,4,18,2.25522311148852,1,NSF-dissociation,3.77935626034072,4905,30.499718,5,18,2.25756282051453,1,NSF-dissociation,3.81215805984975,4905,30.878201,6,18,2.21627041627599,1,NSF-dissociation,3.79507364905683,4905,30.680763
1,19,1.29402906543584,1,SAR1B_gdp_binding,3.45768230932088,51128,14.914454,2,19,1.17486038532887,1,SAR1B_gdp_binding,3.44068475178754,51128,14.813059,3,19,1.16760220110157,1,SAR1B_gdp_binding,3.40592807037041,51128,14.606796,4,19,1.26183046375063,1,SAR1B_gdp_binding,3.65471896870615,51128,16.115336,5,19,1.24820697986168,1,SAR1B_gdp_binding,3.50925119602076,51128,15.224194,6,19,1.21727179466103,1,SAR1B_gdp_binding,3.3198090182485,51128,14.101859
1,19,1.29402906543584,1,SAR1B_activation,3.45768230932088,51128,14.914454,2,19,1.17486038532887,1,SAR1B_activation,3.44068475178754,51128,14.813059,3,19,1.16760220110157,1,SAR1B_activation,3.40592807037041,51128,14.606796,4,19,1.26183046375063,1,SAR1B_activation,3.65471896870615,51128,16.115336,5,19,1.24820697986168,1,SAR1B_activation,3.50925119602076,51128,15.224194,6,19,1.21727179466103,1,SAR1B_activation,3.3198090182485,51128,14.101859
1,19,1.29402906543584,1,SAR1B_gdp_degradation,3.45768230932088,51128,14.914454,2,19,1.17486038532887,1,SAR1B_gdp_degradation,3.44068475178754,51128,14.813059,3,19,1.16760220110157,1,SAR1B_gdp_degradation,3.40592807037041,51128,14.606796,4,19,1.26183046375063,1,SAR1B_gdp_degradation,3.65471896870615,51128,16.115336,5,19,1.24820697986168,1,SAR1B_gdp_degradation,3.50925119602076,51128,15.224194,6,19,1.21727179466103,1,SAR1B_gdp_degradation,3.3198090182485,51128,14.101859
1,19,1.29402906543584,1,RAB1A_gdp_binding,5.10268926325049,5861,138.987594,2,19,1.17486038532887,1,RAB1A_gdp_binding,5.10033693861402,5861,138.885384,3,19,1.16760220110157,1,RAB1A_gdp_binding,5.06080170347532,5861,137.174729,4,19,1.26183046375063,1,RAB1A_gdp_binding,4.70836390040207,5861,122.508239,5,19,1.24820697986168,1,RAB1A_gdp_binding,4.59010466695112,5861,117.81409,6,19,1.21727179466103,1,RAB1A_gdp_binding,4.53806605434644,5861,115.783401
1,19,1.29402906543584,1,RAB1A_activation,3.20692908551896,51399,30.409402,2,19,1.17486038532887,1,RAB1A_activation,3.16383695374849,7157,44.208218,3,19,1.16760220110157,1,RAB1A_activation,3.20015091822843,7157,44.895481,4,19,1.26183046375063,1,RAB1A_activation,2.53929675949167,79090,30.263195,5,19,1.24820697986168,1,RAB1A_activation,2.7148752374678,79090,32.979279,6,19,1.21727179466103,1,RAB1A_activation,2.74322853812041,79090,33.4269
1,19,1.29402906543584,1,RAB1A_gdp_degradation,5.10268926325049,5861,138.987594,2,19,1.17486038532887,1,RAB1A_gdp_degradation,5.10033693861402,5861,138.885384,3,19,1.16760220110157,1,RAB1A_gdp_degradation,5.06080170347532,5861,137.174729,4,19,1.26183046375063,1,RAB1A_gdp_degradation,4.70836390040207,5861,122.508239,5,19,1.24820697986168,1,RAB1A_gdp_degradation,4.59010466695112,5861,117.81409,6,19,1.21727179466103,1,RAB1A_gdp_degradation,4.53806605434644,5861,115.783401
1,19,1.29402906543584,1,COPII_recycling,3.21998831527193,4905,24.413404,2,19,1.17486038532887,1,COPII_recycling,3.04077126877016,4905,22.603079,3,19,1.16760220110157,1,COPII_recycling,3.07529678224686,4905,22.946804,4,19,1.26183046375063,1,COPII_recycling,3.77935626034072,4905,30.499718,5,19,1.24820697986168,1,COPII_recycling,3.81215805984975,4905,30.878201,6,19,1.21727179466103,1,COPII_recycling,3.79507364905683,4905,30.680763
1,19,1.29402906543584,1,NSF-dissociation,3.21998831527193,4905,24.413404,2,19,1.17486038532887,1,NSF-dissociation,3.04077126877016,4905,22.603079,3,19,1.16760220110157,1,NSF-dissociation,3.07529678224686,4905,22.946804,4,19,1.26183046375063,1,NSF-dissociation,3.77935626034072,4905,30.499718,5,19,1.24820697986168,1,NSF-dissociation,3.81215805984975,4905,30.878201,6,19,1.21727179466103,1,NSF-dissociation,3.79507364905683,4905,30.680763
1,19,1.29402906543584,1,LMAN1_recognition_Canonical,-1,79748,,2,19,1.17486038532887,1,LMAN1_recognition_Canonical,-1,79748,,3,19,1.16760220110157,1,LMAN1_recognition_Canonical,-1,79748,,4,19,1.26183046375063,1,LMAN1_recognition_Canonical,-1,79748,,5,19,1.24820697986168,1,LMAN1_recognition_Canonical,-1,79748,,6,19,1.21727179466103,1,LMAN1_recognition_Canonical,-1,79748,
1,19,1.29402906543584,1,COPII_recruit,3.33650396934935,10282,9.959033,2,19,1.17486038532887,1,COPII_recruit,3.41813826614281,9554,63.797535,3,19,1.16760220110157,1,COPII_recruit,3.35242901103471,9554,62.115582,4,19,1.26183046375063,1,COPII_recruit,3.18922069948774,10802,30.154943,5,19,1.24820697986168,1,COPII_recruit,3.36903037861094,9919,57.743175,6,19,1.21727179466103,1,COPII_recruit,2.99746849235759,10282,8.618109
1,19,1.29402906543584,1,COPII_maturation,-1,,,2,19,1.17486038532887,1,COPII_maturation,-1,,,3,19,1.16760220110157,1,COPII_maturation,-1,,,4,19,1.26183046375063,1,COPII_maturation,-1,,,5,19,1.24820697986168,1,COPII_maturation,-1,,,6,19,1.21727179466103,1,COPII_maturation,-1,,
1,19,1.29402906543584,1,COPII_fusion,3.37633587522093,9554,62.724967,2,19,1.17486038532887,1,COPII_fusion,3.41813826614281,9554,63.797535,3,19,1.16760220110157,1,COPII_fusion,3.35242901103471,9554,62.115582,4,19,1.26183046375063,1,COPII_fusion,3.25779158587414,6811,27.280424,5,19,1.24820697986168,1,COPII_fusion,3.25207813100627,6811,27.21535,6,19,1.21727179466103,1,COPII_fusion,3.40875794251122,6811,29.02709
1,20,1.82750468592649,1,SAR1B_gdp_binding,3.45768230932088,51128,14.914454,2,20,1.70581477853393,1,SAR1B_gdp_binding,3.44068475178754,51128,14.813059,3,20,1.70197422424471,1,SAR1B_gdp_binding,3.40592807037041,51128,14.606796,4,20,1.77386172956108,1,SAR1B_gdp_binding,3.65471896870615,51128,16.115336,5,20,1.7658393828637,1,SAR1B_gdp_binding,3.50925119602076,51128,15.224194,6,20,1.73344930607743,1,SAR1B_gdp_binding,3.3198090182485,51128,14.101859
1,20,1.82750468592649,1,SAR1B_activation,3.45768230932088,51128,14.914454,2,20,1.70581477853393,1,SAR1B_activation,3.44068475178754,51128,14.813059,3,20,1.70197422424471,1,SAR1B_activation,3.40592807037041,51128,14.606796,4,20,1.77386172956108,1,SAR1B_activation,3.65471896870615,51128,16.115336,5,20,1.7658393828637,1,SAR1B_activation,3.50925119602076,51128,15.224194,6,20,1.73344930607743,1,SAR1B_activation,3.3198090182485,51128,14.101859
1,20,1.82750468592649,1,SAR1B_gdp_degradation,3.45768230932088,51128,14.914454,2,20,1.70581477853393,1,SAR1B_gdp_degradation,3.44068475178754,51128,14.813059,3,20,1.70197422424471,1,SAR1B_gdp_degradation,3.40592807037041,51128,14.606796,4,20,1.77386172956108,1,SAR1B_gdp_degradation,3.65471896870615,51128,16.115336,5,20,1.7658393828637,1,SAR1B_gdp_degradation,3.50925119602076,51128,15.224194,6,20,1.73344930607743,1,SAR1B_gdp_degradation,3.3198090182485,51128,14.101859
1,20,1.82750468592649,1,RAB1A_gdp_binding,5.10268926325049,5861,138.987594,2,20,1.70581477853393,1,RAB1A_gdp_binding,5.10033693861402,5861,138.885384,3,20,1.70197422424471,1,RAB1A_gdp_binding,5.06080170347532,5861,137.174729,4,20,1.77386172956108,1,RAB1A_gdp_binding,4.70836390040207,5861,122.508239,5,20,1.7658393828637,1,RAB1A_gdp_binding,4.59010466695112,5861,117.81409,6,20,1.73344930607743,1,RAB1A_gdp_binding,4.53806605434644,5861,115.783401
1,20,1.82750468592649,1,RAB1A_activation,3.20692908551896,51399,30.409402,2,20,1.70581477853393,1,RAB1A_activation,3.16383695374849,7157,44.208218,3,20,1.70197422424471,1,RAB1A_activation,3.20015091822843,7157,44.895481,4,20,1.77386172956108,1,RAB1A_activation,2.53929675949167,79090,30.263195,5,20,1.7658393828637,1,RAB1A_activation,2.7148752374678,79090,32.979279,6,20,1.73344930607743,1,RAB1A_activation,2.74322853812041,79090,33.4269
1,20,1.82750468592649,1,RAB1A_gdp_degradation,5.10268926325049,5861,138.987594,2,20,1.70581477853393,1,RAB1A_gdp_degradation,5.10033693861402,5861,138.885384,3,20,1.70197422424471,1,RAB1A_gdp_degradation,5.06080170347532,5861,137.174729,4,20,1.77386172956108,1,RAB1A_gdp_degradation,4.70836390040207,5861,122.508239,5,20,1.7658393828637,1,RAB1A_gdp_degradation,4.59010466695112,5861,117.81409,6,20,1.73344930607743,1,RAB1A_gdp_degradation,4.53806605434644,5861,115.783401
1,20,1.82750468592649,1,COPII_recycling,3.21998831527193,4905,24.413404,2,20,1.70581477853393,1,COPII_recycling,3.04077126877016,4905,22.603079,3,20,1.70197422424471,1,COPII_recycling,3.07529678224686,4905,22.946804,4,20,1.77386172956108,1,COPII_recycling,3.77935626034072,4905,30.499718,5,20,1.7658393828637,1,COPII_recycling,3.81215805984975,4905,30.878201,6,20,1.73344930607743,1,COPII_recycling,3.79507364905683,4905,30.680763
1,20,1.82750468592649,1,NSF-dissociation,3.21998831527193,4905,24.413404,2,20,1.70581477853393,1,NSF-dissociation,3.04077126877016,4905,22.603079,3,20,1.70197422424471,1,NSF-dissociation,3.07529678224686,4905,22.946804,4,20,1.77386172956108,1,NSF-dissociation,3.77935626034072,4905,30.499718,5,20,1.7658393828637,1,NSF-dissociation,3.81215805984975,4905,30.878201,6,20,1.73344930607743,1,NSF-dissociation,3.79507364905683,4905,30.680763
1,20,1.82750468592649,1,LMAN2_recognition_B,7.16226089083297,10960,249.748694,2,20,1.70581477853393,1,LMAN2_recognition_B,7.01535871058451,10960,240.250208,3,20,1.70197422424471,1,LMAN2_recognition_B,7.04569445567614,10960,242.188876,4,20,1.77386172956108,1,LMAN2_recognition_B,6.89417438766558,10960,232.621961,5,20,1.7658393828637,1,LMAN2_recognition_B,6.94216341288392,10960,235.620657,6,20,1.73344930607743,1,LMAN2_recognition_B,6.89522442024146,10960,232.687267
1,20,1.82750468592649,1,COPII_recruit_B,3.33650396934935,10282,9.959033,2,20,1.70581477853393,1,COPII_recruit_B,3.41813826614281,9554,63.797535,3,20,1.70197422424471,1,COPII_recruit_B,3.35242901103471,9554,62.115582,4,20,1.77386172956108,1,COPII_recruit_B,3.18922069948774,10802,30.154943,5,20,1.7658393828637,1,COPII_recruit_B,3.36903037861094,9919,57.743175,6,20,1.73344930607743,1,COPII_recruit_B,2.99746849235759,10282,8.618109
1,20,1.82750468592649,1,COPII_maturation_B,-1,,,2,20,1.70581477853393,1,COPII_maturation_B,-1,,,3,20,1.70197422424471,1,COPII_maturation_B,-1,,,4,20,1.77386172956108,1,COPII_maturation_B,-1,,,5,20,1.7658393828637,1,COPII_maturation_B,-1,,,6,20,1.73344930607743,1,COPII_maturation_B,-1,,
1,20,1.82750468592649,1,COPII_fusion_B,3.37633587522093,9554,62.724967,2,20,1.70581477853393,1,COPII_fusion_B,3.41813826614281,9554,63.797535,3,20,1.70197422424471,1,COPII_fusion_B,3.35242901103471,9554,62.115582,4,20,1.77386172956108,1,COPII_fusion_B,3.25779158587414,6811,27.280424,5,20,1.7658393828637,1,COPII_fusion_B,3.25207813100627,6811,27.21535,6,20,1.73344930607743,1,COPII_fusion_B,3.40875794251122,6811,29.02709
1,21,1.72316127181633,1,EXOCYST_COMPLEX,3.38472456545546,55770,17.797796,2,21,1.68923663065454,1,EXOCYST_COMPLEX,3.3174029139468,11336,20.094857,3,21,1.71446539676899,1,EXOCYST_COMPLEX,3.43777618030073,60412,37.397976,4,21,1.68442656045125,1,EXOCYST_COMPLEX,3.27611882296308,55770,17.020255,5,21,1.69638089162866,1,EXOCYST_COMPLEX,3.35653491644546,23265,44.879383,6,21,1.65685570071449,1,EXOCYST_COMPLEX,3.21583660955634,149371,6.539937
1,21,1.72316127181633,1,SECRETION_1,0.30954381836829,8120,0.184353,2,21,1.68923663065454,1,SECRETION_1,0.0431378223267202,8120,0.025012,3,21,1.71446539676899,1,SECRETION_1,0.10359639931053,8120,0.060432,4,21,1.68442656045125,1,SECRETION_1,0.0563416075944291,8120,0.032711,5,21,1.69638089162866,1,SECRETION_1,0.0352441897246619,8120,0.020419,6,21,1.65685570071449,1,SECRETION_1,0.092923413230196,8120,0.054148
1,21,1.72316127181633,1,SECRETION_2,0.107536110865981,415117,0.062755,2,21,1.68923663065454,1,SECRETION_2,0.0431378223267202,8120,0.025012,3,21,1.71446539676899,1,SECRETION_2,0,415117,0,4,21,1.68442656045125,1,SECRETION_2,0,415117,0,5,21,1.69638089162866,1,SECRETION_2,0,415117,0,6,21,1.65685570071449,1,SECRETION_2,0,415117,0
1,21,1.72316127181633,1,SECRETION_3,3.21998831527193,4905,24.413404,2,21,1.68923663065454,1,SECRETION_3,3.04077126877016,4905,22.603079,3,21,1.71446539676899,1,SECRETION_3,3.07529678224686,4905,22.946804,4,21,1.68442656045125,1,SECRETION_3,3.77935626034072,4905,30.499718,5,21,1.69638089162866,1,SECRETION_3,3.81215805984975,4905,30.878201,6,21,1.65685570071449,1,SECRETION_3,3.79507364905683,4905,30.680763
1,21,1.72316127181633,1,EXOCYST_degradation,3.38472456545546,55770,17.797796,2,21,1.68923663065454,1,EXOCYST_degradation,3.3174029139468,11336,20.094857,3,21,1.71446539676899,1,EXOCYST_degradation,3.43777618030073,60412,37.397976,4,21,1.68442656045125,1,EXOCYST_degradation,3.27611882296308,55770,17.020255,5,21,1.69638089162866,1,EXOCYST_degradation,3.35653491644546,23265,44.879383,6,21,1.65685570071449,1,EXOCYST_degradation,3.21583660955634,149371,6.539937
1,21,1.72316127181633,1,ARF1_gdp_binding,7.92546029217748,375,303.848447,2,21,1.68923663065454,1,ARF1_gdp_binding,8.01708028845549,375,310.915794,3,21,1.71446539676899,1,ARF1_gdp_binding,7.94259851749575,375,305.160621,4,21,1.68442656045125,1,ARF1_gdp_binding,7.65238634647032,375,283.536299,5,21,1.69638089162866,1,ARF1_gdp_binding,7.70611471919412,375,287.44562,6,21,1.65685570071449,1,ARF1_gdp_binding,7.65281853369801,375,283.567578
1,21,1.72316127181633,1,ARF1_activation,3.43297260148765,8729,60.109683,2,21,1.68923663065454,1,ARF1_activation,3.47989873491342,8729,61.250782,3,21,1.71446539676899,1,ARF1_activation,3.48078465437598,8729,61.272428,4,21,1.68442656045125,1,ARF1_activation,3.47799126113521,8729,61.204189,5,21,1.69638089162866,1,ARF1_activation,3.46784067621533,8729,60.956544,6,21,1.65685570071449,1,ARF1_activation,3.45475009790851,8729,60.637913
1,21,1.72316127181633,1,ARF1_gdp_degradation,7.92546029217748,375,303.848447,2,21,1.68923663065454,1,ARF1_gdp_degradation,8.01708028845549,375,310.915794,3,21,1.71446539676899,1,ARF1_gdp_degradation,7.94259851749575,375,305.160621,4,21,1.68442656045125,1,ARF1_gdp_degradation,7.65238634647032,375,283.536299,5,21,1.69638089162866,1,ARF1_gdp_degradation,7.70611471919412,375,287.44562,6,21,1.65685570071449,1,ARF1_gdp_degradation,7.65281853369801,375,283.567578
1,21,1.72316127181633,1,RAB8B_gdp_binding,3.37539207317753,51762,47.143858,2,21,1.68923663065454,1,RAB8B_gdp_binding,3.34511706737252,51762,46.5641,3,21,1.71446539676899,1,RAB8B_gdp_binding,3.5170131095865,51762,49.902971,4,21,1.68442656045125,1,RAB8B_gdp_binding,3.64406301397454,51762,52.445591,5,21,1.69638089162866,1,RAB8B_gdp_binding,3.61515843219179,51762,51.86144,6,21,1.65685570071449,1,RAB8B_gdp_binding,3.28650569178842,51762,45.451636
1,21,1.72316127181633,1,RAB8B_activation,3.20692908551896,51399,30.409402,2,21,1.68923663065454,1,RAB8B_activation,3.16383695374849,7157,44.208218,3,21,1.71446539676899,1,RAB8B_activation,3.20015091822843,7157,44.895481,4,21,1.68442656045125,1,RAB8B_activation,2.53929675949167,79090,30.263195,5,21,1.69638089162866,1,RAB8B_activation,2.7148752374678,79090,32.979279,6,21,1.65685570071449,1,RAB8B_activation,2.74322853812041,79090,33.4269
1,21,1.72316127181633,1,RAB8B_gdp_degradation,3.37539207317753,51762,47.143858,2,21,1.68923663065454,1,RAB8B_gdp_degradation,3.34511706737252,51762,46.5641,3,21,1.71446539676899,1,RAB8B_gdp_degradation,3.5170131095865,51762,49.902971,4,21,1.68442656045125,1,RAB8B_gdp_degradation,3.64406301397454,51762,52.445591,5,21,1.69638089162866,1,RAB8B_gdp_degradation,3.61515843219179,51762,51.86144,6,21,1.65685570071449,1,RAB8B_gdp_degradation,3.28650569178842,51762,45.451636
1,21,1.72316127181633,1,NSF-dissociation,3.21998831527193,4905,24.413404,2,21,1.68923663065454,1,NSF-dissociation,3.04077126877016,4905,22.603079,3,21,1.71446539676899,1,NSF-dissociation,3.07529678224686,4905,22.946804,4,21,1.68442656045125,1,NSF-dissociation,3.77935626034072,4905,30.499718,5,21,1.69638089162866,1,NSF-dissociation,3.81215805984975,4905,30.878201,6,21,1.65685570071449,1,NSF-dissociation,3.79507364905683,4905,30.680763
